0.000000000000000000e+00,-7.475801913566936310e-03
2.083333333333333218e-02,-5.174587242804337683e-02
4.166666666666666435e-02,2.754715358289187010e-01
6.250000000000000000e-02,-8.646637676487875512e-02
8.333333333333332871e-02,-1.704296241534403733e-01
1.041666666666666574e-01,1.586085359470341613e-02
1.250000000000000000e-01,-3.842988866057807096e-01
1.458333333333333148e-01,2.311479486546150555e-02
1.666666666666666574e-01,-4.125414021800870024e-01
1.875000000000000000e-01,-1.792445413704046586e-01
2.083333333333333148e-01,-4.830105942000490482e-01
2.291666666666666574e-01,-1.042240368476444051e-01
2.500000000000000000e-01,-3.842376711203846495e-01
2.708333333333333148e-01,-3.088857049485941864e-01
2.916666666666666297e-01,-7.048438805093207304e-02
3.125000000000000000e-01,1.445868876303554040e-01
3.333333333333333148e-01,1.775689741494954899e-01
3.541666666666666297e-01,3.993665761231500744e-01
3.750000000000000000e-01,1.164758128897867701e-01
3.958333333333333148e-01,-2.136437068819891372e-01
4.166666666666666297e-01,2.626507872544195377e-01
4.375000000000000000e-01,-2.972660325581950591e-01
4.583333333333333148e-01,1.635025738908512175e-02
4.791666666666666297e-01,5.011474696573916532e-01
5.000000000000000000e-01,1.408408513390107253e-01
5.208333333333332593e-01,-7.336061029037536929e-02
5.416666666666666297e-01,-3.221333811578795947e-01
5.625000000000000000e-01,1.213899345464913293e-01
5.833333333333332593e-01,-4.059266937445479839e-01
6.041666666666666297e-01,1.279866362505399369e-01
6.250000000000000000e-01,-1.815409535167057664e-01
6.458333333333332593e-01,-2.128408323918725698e-01
6.666666666666666297e-01,-2.828291610349499829e-01
6.875000000000000000e-01,-4.769322979173250959e-02
7.083333333333332593e-01,3.867591737665331264e-01
7.291666666666666297e-01,6.987968285858423001e-02
7.500000000000000000e-01,6.723581404682547891e-02
7.708333333333332593e-01,3.964302852942596100e-01
7.916666666666666297e-01,5.118540661989464530e-02
8.125000000000000000e-01,-3.179408412383957772e-01
8.333333333333332593e-01,8.196547830863479267e-02
8.541666666666666297e-01,-3.163694236618218025e-01
8.750000000000000000e-01,-5.458376752761154860e-01
8.958333333333332593e-01,-1.876494671515130663e-01
9.166666666666666297e-01,2.741890792906369057e-01
9.375000000000000000e-01,-1.246652522418333076e-01
9.583333333333332593e-01,-2.418669837235531139e-01
9.791666666666666297e-01,-5.515344837958571222e-01
1.000000000000000000e+00,-1.217971206424931369e-01
1.020833333333333259e+00,7.666244939076163889e-02
1.041666666666666519e+00,3.677981087137852656e-01
1.062500000000000000e+00,1.195425918711355423e-01
1.083333333333333259e+00,2.109283478834328429e-01
1.104166666666666519e+00,6.114613467480835007e-01
1.125000000000000000e+00,5.022420540951870738e-01
1.145833333333333259e+00,4.421485692758580499e-01
1.166666666666666519e+00,3.463820788344110224e-01
1.187500000000000000e+00,5.285203678339359668e-01
1.208333333333333259e+00,9.738350837439987417e-01
1.229166666666666519e+00,7.270501792965110566e-01
1.250000000000000000e+00,8.033937949301799275e-01
1.270833333333333259e+00,6.395730447614842440e-01
1.291666666666666519e+00,3.095618233458797830e-01
1.312500000000000000e+00,-4.021451536866907372e-02
1.333333333333333259e+00,-3.277251461151246825e-02
1.354166666666666519e+00,-2.919637570631996026e-01
1.375000000000000000e+00,2.188206315181312478e-01
1.395833333333333259e+00,-6.529150571479730436e-02
1.416666666666666519e+00,2.327904479864145448e-01
1.437500000000000000e+00,-2.239829324720438164e-01
1.458333333333333259e+00,7.280963946040398468e-03
1.479166666666666519e+00,4.174198012229133892e-01
1.500000000000000000e+00,-1.708655479480132022e-01
1.520833333333333259e+00,-3.146313725698779984e-01
1.541666666666666519e+00,8.497473211978905094e-02
1.562500000000000000e+00,2.412851605902135710e-01
1.583333333333333259e+00,7.285797902685733352e-01
1.604166666666666519e+00,5.045734103522945269e-01
1.625000000000000000e+00,9.999224500021337558e-01
1.645833333333333259e+00,4.603699931789130839e-01
1.666666666666666519e+00,3.191393937035069128e-01
1.687500000000000000e+00,2.389906065485422615e-01
1.708333333333333259e+00,5.035498774448433634e-01
1.729166666666666519e+00,5.750325472529349558e-01
1.750000000000000000e+00,4.582089009446991268e-01
1.770833333333333259e+00,7.356834523842862295e-01
1.791666666666666519e+00,4.353826098073224626e-01
1.812500000000000000e+00,5.980875429277617839e-01
1.833333333333333259e+00,4.330013554051401758e-01
1.854166666666666519e+00,8.625087258285983605e-02
1.875000000000000000e+00,3.564015349994463788e-01
1.895833333333333259e+00,3.923610021964843431e-01
1.916666666666666519e+00,2.510895717934329419e-01
1.937500000000000000e+00,2.081611009275670110e-01
1.958333333333333259e+00,3.190828615607970709e-01
1.979166666666666519e+00,2.361007184554605454e-01
2.000000000000000000e+00,-5.534641688149821021e-02
2.020833333333333037e+00,2.495799361546589268e-01
2.041666666666666519e+00,-1.833617744199998040e-02
2.062500000000000000e+00,-9.874273736337460528e-02
2.083333333333333037e+00,-1.804140274543687417e-01
2.104166666666666519e+00,3.174258021809286956e-01
2.125000000000000000e+00,-9.306449646985003044e-02
2.145833333333333037e+00,3.699373287683950240e-01
2.166666666666666519e+00,2.905271208324198828e-01
2.187500000000000000e+00,-2.020014818673048287e-02
2.208333333333333037e+00,-2.423174522661255270e-01
2.229166666666666519e+00,2.630053657928879685e-01
2.250000000000000000e+00,1.962126309897644083e-01
2.270833333333333037e+00,-2.032001608112439794e-01
2.291666666666666519e+00,-2.737317909048489484e-01
2.312500000000000000e+00,4.107492641848316528e-01
2.333333333333333037e+00,8.941884979997063443e-01
2.354166666666666519e+00,5.128947981020420821e-01
2.375000000000000000e+00,5.315236616389676927e-01
2.395833333333333037e+00,6.196324599090831109e-01
2.416666666666666519e+00,3.529101755514246763e-01
2.437500000000000000e+00,1.505746637124572573e-01
2.458333333333333037e+00,3.364100789144238157e-01
2.479166666666666519e+00,5.963652079671512007e-01
2.500000000000000000e+00,5.780929899970976837e-01
2.520833333333333037e+00,6.730508545561526557e-01
2.541666666666666519e+00,8.476648112977662741e-01
2.562500000000000000e+00,8.930448644254448398e-01
2.583333333333333037e+00,9.496281517922816606e-01
2.604166666666666519e+00,5.086532107760679544e-01
2.625000000000000000e+00,3.004158336614594638e-01
2.645833333333333037e+00,6.209933192097727428e-01
2.666666666666666519e+00,1.773465268969474373e-01
2.687500000000000000e+00,-1.154054798930484321e-01
2.708333333333333037e+00,-5.599662386129022895e-01
2.729166666666666519e+00,6.894585981023224064e-02
2.750000000000000000e+00,3.711562013017795092e-01
2.770833333333333037e+00,6.092211687638530299e-02
2.791666666666666519e+00,1.217095425359289856e-01
2.812500000000000000e+00,5.481952562319334366e-01
2.833333333333333037e+00,7.660507439878095903e-01
2.854166666666666519e+00,7.482487984983394735e-01
2.875000000000000000e+00,9.126411083817367320e-01
2.895833333333333037e+00,6.090437243581252602e-01
2.916666666666666519e+00,1.237615857129845953e-01
2.937500000000000000e+00,5.939279760494504262e-02
2.958333333333333037e+00,4.957692178925669768e-02
2.979166666666666519e+00,-1.764967212895921234e-01
3.000000000000000000e+00,-3.644596181169380555e-01
3.020833333333333037e+00,-5.645933553293607243e-01
3.041666666666666519e+00,-9.109847781646519538e-01
3.062500000000000000e+00,-4.907737037428359095e-01
3.083333333333333037e+00,-7.304391019705180899e-01
3.104166666666666519e+00,-3.614962667888008130e-01
3.125000000000000000e+00,-5.990507262068706096e-03
3.145833333333333037e+00,-1.905418090875337089e-01
3.166666666666666519e+00,9.562311353929457691e-02
3.187500000000000000e+00,-1.747384698390999080e-01
3.208333333333333037e+00,-3.593225735582260549e-01
3.229166666666666519e+00,-1.823327185271987894e-01
3.250000000000000000e+00,-3.876445486222919734e-01
3.270833333333333037e+00,-1.752193912090066474e-01
3.291666666666666519e+00,-1.736926516518640662e-01
3.312500000000000000e+00,-1.726054256950101395e-01
3.333333333333333037e+00,-1.671667871827086926e-01
3.354166666666666519e+00,-1.790373059956059110e-01
3.375000000000000000e+00,-1.650218260930076952e-01
3.395833333333333037e+00,-1.598465389908333423e-01
3.416666666666666519e+00,-1.804887995624440689e-01
3.437500000000000000e+00,-1.589183659336695087e-01
3.458333333333333037e+00,-1.600700618906603923e-01
3.479166666666666519e+00,-1.745791884062495303e-01
3.500000000000000000e+00,-1.597435203776014778e-01
3.520833333333333037e+00,-1.775833648629107087e-01
3.541666666666666519e+00,-1.648693855751387494e-01
3.562500000000000000e+00,-1.674708423118469736e-01
3.583333333333333037e+00,-1.821568226906309096e-01
3.604166666666666519e+00,-1.631471978620576413e-01
3.625000000000000000e+00,-1.802805159196031737e-01
3.645833333333333037e+00,-1.836597513448637586e-01
3.666666666666666519e+00,-1.877609602315689907e-01
3.687500000000000000e+00,-1.887918821641953460e-01
3.708333333333333037e+00,-1.914696473859995862e-01
3.729166666666666519e+00,-1.792095788671373702e-01
3.750000000000000000e+00,-1.787563062317364393e-01
3.770833333333333037e+00,-8.640742276140794820e-02
3.791666666666666519e+00,5.268907063978501837e-01
3.812500000000000000e+00,7.414117415441685843e-02
3.833333333333333037e+00,8.184708083908867615e-02
3.854166666666666519e+00,9.694648492674504126e-02
3.875000000000000000e+00,8.925769757160688378e-02
3.895833333333333037e+00,9.593966740178642982e-02
3.916666666666666519e+00,9.796518249735061690e-02
3.937500000000000000e+00,1.201848560424714496e-01
3.958333333333333037e+00,1.152696440336538064e-01
3.979166666666666519e+00,3.548754581790877077e-03
4.000000000000000000e+00,3.880531972015358599e-01
4.020833333333333037e+00,5.234848605078838875e-03
4.041666666666666075e+00,3.965247730575704455e-01
4.062500000000000000e+00,-1.005752955787679072e-02
4.083333333333333037e+00,2.793965152729302459e-01
4.104166666666666075e+00,-1.586603717874796593e-01
4.125000000000000000e+00,2.137477688228678341e-01
4.145833333333333037e+00,2.032952693841967237e-02
4.166666666666666075e+00,1.967698503127197351e-01
4.187500000000000000e+00,-8.385594026395606915e-02
4.208333333333333037e+00,1.449146014144705452e-01
4.229166666666666075e+00,5.909972216045054072e-01
4.250000000000000000e+00,1.259763605836477229e-01
4.270833333333333037e+00,6.576919382740280540e-01
4.291666666666666075e+00,4.080141346765950305e-01
4.312500000000000000e+00,1.150844869345433591e-01
4.333333333333333037e+00,1.170443264050465143e-01
4.354166666666666075e+00,-8.371639517919650386e-02
4.375000000000000000e+00,1.495972198359783178e-01
4.395833333333333037e+00,-1.400542966446967907e-01
4.416666666666666075e+00,-4.307993184876617865e-01
4.437500000000000000e+00,-5.437516579829025920e-01
4.458333333333333037e+00,-5.604294449235091014e-01
4.479166666666666075e+00,-8.336039659271524682e-01
4.500000000000000000e+00,-2.591048260319167018e-01
4.520833333333333037e+00,-3.403981848967745361e-01
4.541666666666666075e+00,-6.973904148559768590e-01
4.562500000000000000e+00,-6.511369025666871035e-01
4.583333333333333037e+00,-1.018513718473315954e+00
4.604166666666666075e+00,-7.188478280612448090e-01
4.625000000000000000e+00,-3.359925137568336995e-01
4.645833333333333037e+00,1.361076326999585417e-01
4.666666666666666075e+00,1.420473647363398872e-01
4.687500000000000000e+00,-1.848681431295137179e-01
4.708333333333333037e+00,-1.700604337160053769e-01
4.729166666666666075e+00,-3.769309201767852002e-01
4.750000000000000000e+00,-2.513553345681357812e-02
4.770833333333333037e+00,2.568979028797211406e-01
4.791666666666666075e+00,5.216834017394396117e-01
4.812500000000000000e+00,4.554694099219022685e-01
4.833333333333333037e+00,4.153776011340416519e-01
4.854166666666666075e+00,7.089639779591383473e-01
4.875000000000000000e+00,3.659746639693228221e-01
4.895833333333333037e+00,7.050376620161046270e-01
4.916666666666666075e+00,9.255345330062704212e-01
4.937500000000000000e+00,5.243212649715707219e-01
4.958333333333333037e+00,1.066142692315902307e+00
4.979166666666666075e+00,8.527328648032015401e-01
5.000000000000000000e+00,4.775766523119510110e-01
5.020833333333333037e+00,1.656118816906820557e-01
5.041666666666666075e+00,3.515068407329912104e-01
5.062500000000000000e+00,-2.171285991727275183e-02
5.083333333333333037e+00,1.101942825909784512e-01
5.104166666666666075e+00,-2.749810156171874076e-01
5.125000000000000000e+00,-4.021231777218972625e-02
5.145833333333333037e+00,2.054379735900609127e-01
5.166666666666666075e+00,2.784540981193716069e-01
5.187500000000000000e+00,-1.404948430039947016e-01
5.208333333333333037e+00,-1.149262790058622752e-01
5.229166666666666075e+00,-4.263856970093561904e-01
5.250000000000000000e+00,-5.180473181340408129e-01
5.270833333333333037e+00,-3.020353943693300236e-01
5.291666666666666075e+00,-8.005613024264291999e-01
5.312500000000000000e+00,-4.068464722450123583e-01
5.333333333333333037e+00,1.873522623111353175e-03
5.354166666666666075e+00,3.086791280111091385e-01
5.375000000000000000e+00,9.582873512701971241e-02
5.395833333333333037e+00,-1.339975913260225970e-01
5.416666666666666075e+00,1.001041883973238511e-01
5.437500000000000000e+00,-7.986304597686018358e-02
5.458333333333333037e+00,3.739779180134013281e-02
5.479166666666666075e+00,-3.613922642064937851e-01
5.500000000000000000e+00,2.001051294862866287e-02
5.520833333333333037e+00,-1.863404814068645443e-01
5.541666666666666075e+00,-6.054711865868291770e-02
5.562500000000000000e+00,-4.300690646209833212e-01
5.583333333333333037e+00,-1.734984298656357393e-01
5.604166666666666075e+00,1.753940745594032569e-01
5.625000000000000000e+00,-2.685457460970028243e-01
5.645833333333333037e+00,-6.223478135888335094e-01
5.666666666666666075e+00,-2.569615593009322851e-01
5.687500000000000000e+00,-1.908953155213985453e-01
5.708333333333333037e+00,1.710377653376171647e-02
5.729166666666666075e+00,3.037391523640531887e-01
5.750000000000000000e+00,7.071342143560654936e-02
5.770833333333333037e+00,-3.129522264907078632e-01
5.791666666666666075e+00,8.905630954382991182e-02
5.812500000000000000e+00,5.303432748164286226e-01
5.833333333333333037e+00,1.355446204863867410e-01
5.854166666666666075e+00,1.940905601692582277e-02
5.875000000000000000e+00,2.624112807927869162e-01
5.895833333333333037e+00,-9.617585094268141233e-02
5.916666666666666075e+00,-1.904598836844411114e-01
5.937500000000000000e+00,2.074039976616399994e-01
5.958333333333333037e+00,-1.342160539712609901e-01
5.979166666666666075e+00,1.390497093578451915e-01
6.000000000000000000e+00,-3.171933935221637468e-01
6.020833333333333037e+00,2.584070258252348928e-01
6.041666666666666075e+00,6.951665875274405382e-01
6.062500000000000000e+00,1.195453864382629572e+00
6.083333333333333037e+00,6.509816258805759537e-01
6.104166666666666075e+00,1.194444622767759867e+00
6.125000000000000000e+00,7.453345778006845723e-01
6.145833333333333037e+00,2.753467875275355525e-01
6.166666666666666075e+00,2.473023062019908125e-01
6.187500000000000000e+00,6.605664216634578034e-01
6.208333333333333037e+00,8.039472481722680086e-02
6.229166666666666075e+00,8.918550172606799775e-02
6.250000000000000000e+00,3.123104402558128379e-01
6.270833333333333037e+00,-2.441777972984061906e-01
6.291666666666666075e+00,-5.393718102648307200e-01
6.312500000000000000e+00,-1.855233335392932614e-01
6.333333333333333037e+00,-1.592884330794733794e-01
6.354166666666666075e+00,-4.632038781724445164e-01
6.375000000000000000e+00,-2.048557741943058952e-01
6.395833333333333037e+00,-1.548268442562052427e-01
6.416666666666666075e+00,-2.509995729870170833e-01
6.437500000000000000e+00,-9.152814190317494839e-03
6.458333333333333037e+00,2.684982647332223582e-01
6.479166666666666075e+00,6.179261405398076556e-01
6.500000000000000000e+00,7.533299766925987129e-01
6.520833333333333037e+00,3.542413570126273781e-01
6.541666666666666075e+00,3.491325775297658973e-01
6.562500000000000000e+00,7.358633140005812479e-01
6.583333333333333037e+00,7.189705130820330803e-01
6.604166666666666075e+00,2.019928639934207015e-01
6.625000000000000000e+00,1.067111981436209139e-01
6.645833333333333037e+00,3.208261760726198175e-01
6.666666666666666075e+00,-3.878112919182044246e-03
6.687500000000000000e+00,3.852550152335266764e-01
6.708333333333333037e+00,-1.302018394281213298e-01
6.729166666666666075e+00,3.045118391835699434e-01
6.750000000000000000e+00,4.685835061435686399e-01
6.770833333333333037e+00,9.237505661870198947e-02
6.791666666666666075e+00,6.975537802719102842e-01
6.812500000000000000e+00,1.071933599523094083e+00
6.833333333333333037e+00,7.899731632672106763e-01
6.854166666666666075e+00,1.037147553310763914e+00
6.875000000000000000e+00,6.115216902158796541e-01
6.895833333333333037e+00,1.192947872303763646e+00
6.916666666666666075e+00,5.677707558759215178e-01
6.937500000000000000e+00,1.141672821483434186e+00
6.958333333333333037e+00,9.025222139014613676e-01
6.979166666666666075e+00,6.886577759012667554e-01
7.000000000000000000e+00,5.098411117261071324e-01
7.020833333333333037e+00,1.331629422803503049e-01
7.041666666666666075e+00,5.607519764725119593e-01
7.062500000000000000e+00,3.497621257631481906e-01
7.083333333333333037e+00,1.227703520212056754e-01
7.104166666666666075e+00,5.616728836516133860e-01
7.125000000000000000e+00,7.448039558065630006e-01
7.145833333333333037e+00,2.736066874743686150e-01
7.166666666666666075e+00,8.262059731936980400e-01
7.187500000000000000e+00,5.265084040365101137e-01
7.208333333333333037e+00,9.513962708470456997e-01
7.229166666666666075e+00,1.383094849354034261e+00
7.250000000000000000e+00,1.553418974740346403e+00
7.270833333333333037e+00,1.401546862663468174e+00
7.291666666666666075e+00,1.492866251535986732e+00
7.312500000000000000e+00,1.046646006927759220e+00
7.333333333333333037e+00,1.063333943868321363e+00
7.354166666666666075e+00,6.677198861428743637e-01
7.375000000000000000e+00,7.735575238672182108e-01
7.395833333333333037e+00,6.738975327779066493e-01
7.416666666666666075e+00,8.620736672293601854e-01
7.437500000000000000e+00,7.322941181263353805e-01
7.458333333333333037e+00,1.723576849262685173e-01
7.479166666666666075e+00,7.650855895618872138e-01
7.500000000000000000e+00,2.736281747705391898e-01
7.520833333333333037e+00,6.774052668013863521e-01
7.541666666666666075e+00,3.416361895448932207e-01
7.562500000000000000e+00,1.565916122522154896e-01
7.583333333333333037e+00,2.124141948009526659e-01
7.604166666666666075e+00,2.546707680223188053e-01
7.625000000000000000e+00,2.388299527433142000e-01
7.645833333333333037e+00,2.062701513554260069e-01
7.666666666666666075e+00,1.955451845253093901e-01
7.687500000000000000e+00,3.074367555266730445e-01
7.708333333333333037e+00,4.238130700820277874e-01
7.729166666666666075e+00,6.261786699639589893e-01
7.750000000000000000e+00,9.796322029714514823e-01
7.770833333333333037e+00,5.638053358023044082e-01
7.791666666666666075e+00,2.618670872317794274e-01
7.812500000000000000e+00,8.256090835368354863e-01
7.833333333333333037e+00,5.385524079649903761e-01
7.854166666666666075e+00,6.333846350098950584e-01
7.875000000000000000e+00,4.141546989404715218e-01
7.895833333333333037e+00,4.074444485555097084e-01
7.916666666666666075e+00,4.049562968240228988e-01
7.937500000000000000e+00,4.087701897020047381e-01
7.958333333333333037e+00,3.852056501909470465e-01
7.979166666666666075e+00,3.766173461958660096e-01
8.000000000000000000e+00,3.602206245691805808e-01
8.020833333333332149e+00,3.452875230897889947e-01
8.041666666666666075e+00,3.394177637234990219e-01
8.062500000000000000e+00,3.263081902828401382e-01
8.083333333333332149e+00,3.191461829512650672e-01
8.104166666666666075e+00,3.020144780831554021e-01
8.125000000000000000e+00,3.059383911205612594e-01
8.145833333333332149e+00,3.072425061826407067e-01
8.166666666666666075e+00,2.815927069037296726e-01
8.187500000000000000e+00,2.655385772827633661e-01
8.208333333333332149e+00,-9.213486851607482347e-03
8.229166666666666075e+00,-3.631570721653853973e-01
8.250000000000000000e+00,5.681415223611750026e-02
8.270833333333332149e+00,-3.393115843019801625e-01
8.291666666666666075e+00,6.542468182087665673e-02
8.312500000000000000e+00,-2.976519146038150154e-01
8.333333333333332149e+00,1.006090674168967081e-01
8.354166666666666075e+00,-4.498343195415997059e-02
8.375000000000000000e+00,-4.596571456175755910e-01
8.395833333333332149e+00,-5.754947868108273995e-02
8.416666666666666075e+00,-4.112239817718427171e-01
8.437500000000000000e+00,-4.509176547038636768e-02
8.458333333333332149e+00,-1.069528465562763070e-01
8.479166666666666075e+00,-4.176973889943521590e-01
8.500000000000000000e+00,-2.082828389208758180e-01
8.520833333333332149e+00,1.778989424839529099e-01
8.541666666666666075e+00,-1.811198087904008006e-02
8.562500000000000000e+00,-3.527015322816486886e-01
8.583333333333332149e+00,2.048940981008900292e-02
8.604166666666666075e+00,-1.274568400212528207e-01
8.625000000000000000e+00,-4.393818207844639168e-01
8.645833333333332149e+00,-8.898643499205935448e-02
8.666666666666666075e+00,3.446629044381431251e-01
8.687500000000000000e+00,-9.317898729749381215e-02
8.708333333333332149e+00,3.179659734192490372e-01
8.729166666666666075e+00,3.925751984368006098e-01
8.750000000000000000e+00,8.258872781005728303e-01
8.770833333333332149e+00,5.165080597703783916e-01
8.791666666666666075e+00,7.619857187944352184e-01
8.812500000000000000e+00,4.677395058946468565e-01
8.833333333333332149e+00,8.131769252767390155e-02
8.854166666666666075e+00,4.743142996259681193e-03
8.875000000000000000e+00,-3.241253258066674192e-01
8.895833333333332149e+00,2.065066515176489439e-02
8.916666666666666075e+00,-2.527913971070985255e-01
8.937500000000000000e+00,1.034395755848495635e-01
8.958333333333332149e+00,5.091098192041176862e-01
8.979166666666666075e+00,1.413043043360868445e-01
9.000000000000000000e+00,6.637471627632675342e-02
9.020833333333332149e+00,4.214475201318610975e-01
9.041666666666666075e+00,1.073020441100083350e-01
9.062500000000000000e+00,-2.143776762875793940e-01
9.083333333333332149e+00,1.530623047156411398e-01
9.104166666666666075e+00,5.800035060098048811e-01
9.125000000000000000e+00,5.446107956210123335e-01
9.145833333333332149e+00,5.999067824509429769e-01
9.166666666666666075e+00,1.278296054848752084e-01
9.187500000000000000e+00,1.361678093497467046e-01
9.208333333333332149e+00,-3.361235595446334101e-01
9.229166666666666075e+00,1.283109247883407744e-01
9.250000000000000000e+00,2.116287678797560967e-01
9.270833333333332149e+00,6.195925521813665515e-01
9.291666666666666075e+00,2.179352391298618741e-01
9.312500000000000000e+00,-2.194116201674037037e-01
9.333333333333332149e+00,6.814262324286642081e-02
9.354166666666666075e+00,2.437867262313035133e-01
9.375000000000000000e+00,-7.404949081164957647e-02
9.395833333333332149e+00,-1.785385916330583383e-02
9.416666666666666075e+00,1.169021364001831265e-01
9.437500000000000000e+00,2.285476457133220618e-01
9.458333333333332149e+00,4.578186839943138575e-01
9.479166666666666075e+00,3.019866276325452320e-02
9.500000000000000000e+00,-3.889968736529618720e-01
9.520833333333332149e+00,-3.172165038383330249e-02
9.541666666666666075e+00,-3.870898741813825761e-01
9.562500000000000000e+00,-7.564656279586332577e-01
9.583333333333332149e+00,-9.830539603724023356e-01
9.604166666666666075e+00,-8.111565061796628395e-01
9.625000000000000000e+00,-3.988127526030260661e-01
9.645833333333332149e+00,-7.172703665810888918e-01
9.666666666666666075e+00,-7.861645898681829392e-01
9.687500000000000000e+00,-6.913201274948014285e-01
9.708333333333332149e+00,-2.351381218006902696e-01
9.729166666666666075e+00,-6.064160816010405464e-01
9.750000000000000000e+00,-2.328196323707911741e-01
9.770833333333332149e+00,-6.267284886146072820e-01
9.791666666666666075e+00,-9.738774089148578561e-01
9.812500000000000000e+00,-5.519650540691254381e-01
9.833333333333332149e+00,-1.575006492793656621e-01
9.854166666666666075e+00,-6.223225371430597397e-01
9.875000000000000000e+00,-3.557499391046780035e-01
9.895833333333332149e+00,-3.443437495790967889e-02
9.916666666666666075e+00,2.775607675470219693e-01
9.937500000000000000e+00,-8.830767982094457624e-03
9.958333333333332149e+00,3.831535187760639061e-01
9.979166666666666075e+00,8.150342279588150829e-01
1.000000000000000000e+01,3.932341211326269570e-01
1.002083333333333215e+01,1.138642696370852497e-01
1.004166666666666607e+01,5.151537319554082561e-01
1.006250000000000000e+01,4.774135558284950953e-01
1.008333333333333215e+01,1.674685576083123628e-01
1.010416666666666607e+01,2.376329140888412961e-01
1.012500000000000000e+01,5.756393927970806512e-01
1.014583333333333215e+01,2.928102280952467606e-01
1.016666666666666607e+01,3.956531744380060722e-01
1.018750000000000000e+01,1.435791553378750751e-01
1.020833333333333215e+01,2.546935966737459700e-01
1.022916666666666607e+01,4.687331982605545955e-01
1.025000000000000000e+01,3.190461407183391995e-01
1.027083333333333215e+01,-4.666479521569593530e-02
1.029166666666666607e+01,3.440869232818146717e-01
1.031250000000000000e+01,7.964975119745262289e-01
1.033333333333333215e+01,5.380247373756158469e-01
1.035416666666666607e+01,9.973211811484768152e-02
1.037500000000000000e+01,-2.390999719033400084e-01
1.039583333333333215e+01,-9.868932099570739205e-03
1.041666666666666607e+01,-3.986812734881255149e-02
1.043750000000000000e+01,4.123663550799468447e-01
1.045833333333333215e+01,2.283256625361367587e-01
1.047916666666666607e+01,-2.917176394518909976e-01
1.050000000000000000e+01,-2.631127763072543813e-01
1.052083333333333215e+01,7.508288729106239734e-02
1.054166666666666607e+01,-3.147401252572284425e-01
1.056250000000000000e+01,-7.043084130547458965e-01
1.058333333333333215e+01,-1.043167753133624087e+00
1.060416666666666607e+01,-5.266154034109451487e-01
1.062500000000000000e+01,-1.079006591745279131e+00
1.064583333333333215e+01,-5.266386945222696347e-01
1.066666666666666607e+01,-6.319929120394701672e-01
1.068750000000000000e+01,-5.530158772349873519e-01
1.070833333333333215e+01,-1.558017858635601660e-01
1.072916666666666607e+01,-5.288235032578839645e-01
1.075000000000000000e+01,-6.811082717015670696e-02
1.077083333333333215e+01,2.001327055018523871e-01
1.079166666666666607e+01,5.018315227466219053e-01
1.081250000000000000e+01,6.151059154890052838e-01
1.083333333333333215e+01,2.775360146209037149e-01
1.085416666666666607e+01,5.459305582403671808e-01
1.087500000000000000e+01,3.309665576641208917e-02
1.089583333333333215e+01,6.800496559265318819e-01
1.091666666666666607e+01,7.336980173899291247e-01
1.093750000000000000e+01,4.244554042392330584e-01
1.095833333333333215e+01,9.371428312429612717e-01
1.097916666666666607e+01,3.981245786609020620e-01
1.100000000000000000e+01,2.635020626688798218e-01
1.102083333333333215e+01,-7.504221229783090974e-02
1.104166666666666607e+01,4.435769208005050923e-01
1.106250000000000000e+01,8.177651995416213015e-01
1.108333333333333215e+01,4.687605961868079318e-01
1.110416666666666607e+01,6.908639678515111626e-01
1.112500000000000000e+01,6.283504129148397288e-01
1.114583333333333215e+01,6.439992633603286443e-01
1.116666666666666607e+01,4.282446831413138089e-01
1.118750000000000000e+01,5.586120531906182407e-01
1.120833333333333215e+01,3.806118435500108754e-01
1.122916666666666607e+01,1.731678860044683632e-01
1.125000000000000000e+01,-9.897961263564484732e-03
1.127083333333333215e+01,1.962158070015740385e-02
1.129166666666666607e+01,4.046775781698757624e-01
1.131250000000000000e+01,-3.406352087577647902e-02
1.133333333333333215e+01,-2.043050813993013970e-01
1.135416666666666607e+01,-1.228926729017502661e-01
1.137500000000000000e+01,-2.316983359549064092e-01
1.139583333333333215e+01,-4.722073485685077121e-01
1.141666666666666607e+01,-3.203341974489534172e-01
1.143750000000000000e+01,2.091903600388913820e-01
1.145833333333333215e+01,-1.279138065448195971e-01
1.147916666666666607e+01,3.138212334644313040e-01
1.150000000000000000e+01,-1.184480145569695997e-01
1.152083333333333215e+01,2.735401761982707569e-01
1.154166666666666607e+01,-2.282266031236383497e-01
1.156250000000000000e+01,-2.504201996047453194e-01
1.158333333333333215e+01,2.022239986394051142e-02
1.160416666666666607e+01,-1.142921928460390174e-01
1.162500000000000000e+01,-5.640013137907707100e-03
1.164583333333333215e+01,4.105343950823342469e-02
1.166666666666666607e+01,-5.368621809240576859e-01
1.168750000000000000e+01,-3.982662936544412724e-01
1.170833333333333215e+01,-1.369236211607079146e-01
1.172916666666666607e+01,6.135362440024465513e-01
1.175000000000000000e+01,9.506099696290211121e-01
1.177083333333333215e+01,8.961711145777587761e-01
1.179166666666666607e+01,1.191115032980502919e+00
1.181250000000000000e+01,1.281298347096594625e+00
1.183333333333333215e+01,9.471294707291217918e-01
1.185416666666666607e+01,5.761503858256675770e-01
1.187500000000000000e+01,5.780346652086127968e-01
1.189583333333333215e+01,5.661499268980716426e-01
1.191666666666666607e+01,5.761767823589789561e-01
1.193750000000000000e+01,5.625100410067004342e-01
1.195833333333333215e+01,5.526873705805810388e-01
1.197916666666666607e+01,5.640145673265987147e-01
1.200000000000000000e+01,5.688812807241012681e-01
1.202083333333333215e+01,5.552293819427894794e-01
1.204166666666666607e+01,5.443799253385386283e-01
1.206250000000000000e+01,5.400052785792897048e-01
1.208333333333333215e+01,5.588405979111682464e-01
1.210416666666666607e+01,5.454036810704447902e-01
1.212500000000000000e+01,5.373855812332302140e-01
1.214583333333333215e+01,5.330523422042808823e-01
1.216666666666666607e+01,5.256385281792461672e-01
1.218750000000000000e+01,9.239453010913563358e-03
1.220833333333333215e+01,2.009260832019687248e-01
1.222916666666666607e+01,2.192486414757784455e-02
1.225000000000000000e+01,2.607676701684286669e-01
1.227083333333333215e+01,1.772769436044690228e-01
1.229166666666666607e+01,-5.536986148939587044e-02
1.231250000000000000e+01,-4.506906798581674645e-01
1.233333333333333215e+01,-9.715061094199735348e-02
1.235416666666666607e+01,-2.258955845088425340e-01
1.237500000000000000e+01,1.096022550123467443e-01
1.239583333333333215e+01,-2.045596085226258909e-02
1.241666666666666607e+01,-2.808647563030096661e-01
1.243750000000000000e+01,1.419748621823447576e-01
1.245833333333333215e+01,4.195831882713478844e-01
1.247916666666666607e+01,3.284381544871758235e-02
1.250000000000000000e+01,-4.203374433299128521e-02
1.252083333333333215e+01,3.191691838861942521e-01
1.254166666666666607e+01,2.452166493963553462e-02
1.256250000000000000e+01,3.419761816718742686e-01
1.258333333333333215e+01,-4.434707427982349792e-02
1.260416666666666607e+01,4.191636120463237414e-01
1.262500000000000000e+01,2.032266253245653964e-01
1.264583333333333215e+01,-1.507384376863512843e-01
1.266666666666666607e+01,-2.672191062493369240e-01
1.268750000000000000e+01,1.060584703128986533e-01
1.270833333333333215e+01,-2.510701989524083411e-01
1.272916666666666607e+01,1.112343855916112373e-01
1.275000000000000000e+01,-2.188434084857060757e-01
1.277083333333333215e+01,1.156951996056772153e-01
1.279166666666666607e+01,-1.918625820504409329e-01
1.281250000000000000e+01,-7.794102612287433229e-02
1.283333333333333215e+01,3.848337348142668451e-02
1.285416666666666607e+01,4.630774724298796219e-01
1.287500000000000000e+01,2.099396079959612582e-01
1.289583333333333215e+01,-2.324281079056478017e-01
1.291666666666666607e+01,1.140526535425449017e-01
1.293750000000000000e+01,-2.102824779782971609e-01
1.295833333333333215e+01,1.305954595175433386e-01
1.297916666666666607e+01,-4.019823896467526747e-02
1.300000000000000000e+01,-3.151563951028864552e-01
1.302083333333333215e+01,4.022711902084322166e-02
1.304166666666666607e+01,-3.793156153932134567e-01
1.306250000000000000e+01,7.888957904412455258e-02
1.308333333333333215e+01,-3.296395195696927849e-01
1.310416666666666607e+01,2.913215948766049307e-02
1.312500000000000000e+01,-3.870200041435554184e-01
1.314583333333333215e+01,-2.024262678272152616e-01
1.316666666666666607e+01,2.678140202121872537e-01
1.318750000000000000e+01,6.109135263614106082e-01
1.320833333333333215e+01,2.851019631150840117e-01
1.322916666666666607e+01,-2.093636103773522106e-01
1.325000000000000000e+01,1.660838469170949905e-01
1.327083333333333215e+01,2.355264863299694755e-01
1.329166666666666607e+01,6.119049211857987558e-01
1.331250000000000000e+01,5.257427087513671937e-01
1.333333333333333215e+01,1.702668734369826298e-01
1.335416666666666607e+01,-9.701177616493661393e-02
1.337500000000000000e+01,2.914119814188952939e-01
1.339583333333333215e+01,2.632219302119542803e-03
1.341666666666666607e+01,4.425997431418471906e-01
1.343750000000000000e+01,1.172111179364700440e-01
1.345833333333333215e+01,5.575108211083486254e-02
1.347916666666666607e+01,-2.034410611215871079e-01
1.350000000000000000e+01,1.743608624805608742e-01
1.352083333333333215e+01,-3.043857773127635613e-01
1.354166666666666607e+01,7.614500487478391422e-02
1.356250000000000000e+01,-3.028063615442443401e-01
1.358333333333333215e+01,-3.074614956313009850e-01
1.360416666666666607e+01,7.726669424308946210e-02
1.362500000000000000e+01,3.534856191352947485e-01
1.364583333333333215e+01,1.570657098150576164e-02
1.366666666666666607e+01,-3.217846704258792156e-01
1.368750000000000000e+01,8.741067370118585367e-02
1.370833333333333215e+01,-3.290563674670128891e-01
1.372916666666666607e+01,-6.988600095321177985e-01
1.375000000000000000e+01,-1.072282467446094012e+00
1.377083333333333215e+01,-6.890306379176320828e-01
1.379166666666666607e+01,-1.046975673151229413e+00
1.381250000000000000e+01,-6.598084593261839270e-01
1.383333333333333215e+01,-1.066825110434241664e+00
1.385416666666666607e+01,-1.245473062263932729e+00
1.387500000000000000e+01,-8.623106820008586970e-01
1.389583333333333215e+01,-7.092714411920422179e-01
1.391666666666666607e+01,-3.041024526343170109e-01
1.393750000000000000e+01,-1.386910895988002421e-02
1.395833333333333215e+01,1.527743932286661221e-01
1.397916666666666607e+01,-1.907413166306493046e-01
1.400000000000000000e+01,1.473213571327729732e-01
1.402083333333333215e+01,-1.816967252276133760e-01
1.404166666666666607e+01,8.830281379108158302e-02
1.406250000000000000e+01,-5.952933161541495988e-02
1.408333333333333215e+01,3.731615270094837400e-01
1.410416666666666607e+01,5.433913839479102004e-01
1.412500000000000000e+01,3.520009109849788209e-01
1.414583333333333215e+01,7.285798264691011328e-01
1.416666666666666607e+01,9.180367959863472427e-01
1.418750000000000000e+01,5.220953239736466633e-01
1.420833333333333215e+01,7.051595920529787342e-01
1.422916666666666607e+01,7.799301208693606435e-01
1.425000000000000000e+01,8.079659770903891980e-01
1.427083333333333215e+01,1.110347710410575894e+00
1.429166666666666607e+01,1.015047094124403859e+00
1.431250000000000000e+01,4.852686057792257590e-01
1.433333333333333215e+01,1.936863962081243062e-01
1.435416666666666607e+01,6.478989201447186153e-01
1.437500000000000000e+01,1.506820965559978187e-01
1.439583333333333215e+01,1.129846854419253865e-01
1.441666666666666607e+01,-1.933187955625161880e-01
1.443750000000000000e+01,-3.778639207997751548e-01
1.445833333333333215e+01,1.103828225981245553e-01
1.447916666666666607e+01,-4.712136479961398505e-01
1.450000000000000000e+01,-1.170237607536066260e-01
1.452083333333333215e+01,-6.271388110240636582e-01
1.454166666666666607e+01,-1.192305247041695881e-01
1.456250000000000000e+01,-3.344835389187652552e-01
1.458333333333333215e+01,2.254368596777753531e-01
1.460416666666666607e+01,-1.022359616595757414e-01
1.462500000000000000e+01,-4.347063084567042712e-01
1.464583333333333215e+01,-4.499188444165872491e-01
1.466666666666666607e+01,-6.709032671288803762e-01
1.468750000000000000e+01,-6.880213894687028375e-01
1.470833333333333215e+01,-6.325574946414828093e-01
1.472916666666666607e+01,-5.493500082389467520e-01
1.475000000000000000e+01,-1.084066612546833418e-02
1.477083333333333215e+01,3.880692159023804710e-01
1.479166666666666607e+01,-3.496506512131959676e-02
1.481250000000000000e+01,-6.463814738638365420e-02
1.483333333333333215e+01,3.735502130340765392e-01
1.485416666666666607e+01,6.095838433052407357e-01
1.487500000000000000e+01,5.952998298460961818e-02
1.489583333333333215e+01,5.307430231688159417e-01
1.491666666666666607e+01,2.840579351712193001e-01
1.493750000000000000e+01,-1.510370695509393180e-01
1.495833333333333215e+01,4.106586596170629377e-01
1.497916666666666607e+01,1.258684859910512710e-01
1.500000000000000000e+01,-2.896268598982812970e-01
1.502083333333333215e+01,6.919930778334897059e-02
1.504166666666666607e+01,4.061718413094375091e-01
1.506250000000000000e+01,4.741589305967457424e-01
1.508333333333333215e+01,7.076134667620048724e-02
1.510416666666666607e+01,2.257227664355858920e-01
1.512500000000000000e+01,-1.687068487829095076e-01
1.514583333333333215e+01,-2.468256676675308625e-01
1.516666666666666607e+01,-6.712273427582023944e-01
1.518750000000000000e+01,-1.970451504724644864e-01
1.520833333333333215e+01,1.699177475232381274e-01
1.522916666666666607e+01,7.010007709661201236e-01
1.525000000000000000e+01,1.090142885673688194e-01
1.527083333333333215e+01,6.012668970822602210e-01
1.529166666666666607e+01,5.844270605179983091e-01
1.531250000000000000e+01,5.777549073625409815e-01
1.533333333333333215e+01,4.383396922531142964e-02
1.535416666666666607e+01,4.123259979672020958e-01
1.537500000000000000e+01,-8.540383448050505033e-02
1.539583333333333215e+01,2.650615573526614588e-01
1.541666666666666607e+01,7.473411476309801960e-02
1.543750000000000000e+01,-3.327823718593598823e-01
1.545833333333333215e+01,-7.405171842640548840e-01
1.547916666666666607e+01,-3.430657609192191426e-01
1.550000000000000000e+01,-2.220772827837522723e-01
1.552083333333333215e+01,-9.397849061110884195e-02
1.554166666666666607e+01,-2.219182810606868186e-02
1.556250000000000000e+01,1.189937745867545790e-02
1.558333333333333215e+01,-4.304442561044132254e-01
1.560416666666666607e+01,3.574897216841819297e-04
1.562500000000000000e+01,1.163653757789774590e-01
1.564583333333333215e+01,9.451749689668097199e-02
1.566666666666666607e+01,-3.416347215195175702e-01
1.568750000000000000e+01,-4.925405565200682845e-01
1.570833333333333215e+01,-5.634043930183141313e-01
1.572916666666666607e+01,-5.527248022583407527e-01
1.575000000000000000e+01,-4.077897089568914279e-01
1.577083333333333215e+01,-9.878390961770774359e-01
1.579166666666666607e+01,-4.682508325927444148e-01
1.581250000000000000e+01,-6.692326439804117122e-01
1.583333333333333215e+01,-1.087309146240801772e+00
1.585416666666666607e+01,-4.140717091021755003e-01
1.587500000000000000e+01,2.615728202537290770e-01
1.589583333333333215e+01,-1.718969917800657887e-01
1.591666666666666607e+01,2.271927609796703940e-01
1.593750000000000000e+01,1.355114753636926517e-01
1.595833333333333215e+01,-3.792748774524546951e-01
1.597916666666666607e+01,-8.192447488097925890e-02
1.600000000000000000e+01,4.628887351767936309e-01
1.602083333333333215e+01,-7.686083457391013063e-02
1.604166666666666430e+01,-3.048389256289175120e-01
1.606250000000000000e+01,9.578115780078369501e-02
1.608333333333333215e+01,-9.432804533061732444e-02
1.610416666666666430e+01,-3.931939130286035144e-01
1.612500000000000000e+01,-8.090030689793002716e-02
1.614583333333333215e+01,4.717504508932407470e-02
1.616666666666666430e+01,2.915862898958229144e-01
1.618750000000000000e+01,-9.721674387652590177e-02
1.620833333333333215e+01,-4.515964320764859208e-01
1.622916666666666430e+01,-8.656778869771535323e-01
1.625000000000000000e+01,-6.917217803342660121e-01
1.627083333333333215e+01,-7.893899925395582162e-01
1.629166666666666430e+01,-7.227062760855925694e-01
1.631250000000000000e+01,-4.871763923061481205e-01
1.633333333333333215e+01,-6.813983119718132198e-01
1.635416666666666430e+01,2.503246836457689167e-02
1.637500000000000000e+01,-2.932115880215063752e-01
1.639583333333333215e+01,1.590283728970011690e-01
1.641666666666666430e+01,-2.873918196694188465e-01
1.643750000000000000e+01,3.977606297057621060e-02
1.645833333333333215e+01,7.542298565961871870e-02
1.647916666666666430e+01,1.082486628681983247e-02
1.650000000000000000e+01,4.831871785111668816e-01
1.652083333333333215e+01,7.625003872018396023e-02
1.654166666666666430e+01,1.821725492331181251e-01
1.656250000000000000e+01,3.201349436302962093e-01
1.658333333333333215e+01,2.143369871306032848e-01
1.660416666666666430e+01,-5.486725858607224282e-01
1.662500000000000000e+01,-5.111259115828679089e-01
1.664583333333333215e+01,-4.208354570771156711e-01
1.666666666666666430e+01,-2.984970419224267091e-01
1.668750000000000000e+01,-5.342543408109124980e-01
1.670833333333333215e+01,-4.742827067361349291e-01
1.672916666666666430e+01,-3.088587704813723911e-01
1.675000000000000000e+01,-4.827539878686002428e-01
1.677083333333333215e+01,-8.484343558716274103e-01
1.679166666666666430e+01,-6.720481705531106131e-01
1.681250000000000000e+01,-4.301285654029898264e-01
1.683333333333333215e+01,-9.156587982237650580e-01
1.685416666666666430e+01,-7.114384736423042810e-01
1.687500000000000000e+01,-8.692528536558585817e-02
1.689583333333333215e+01,8.488601522460097887e-03
1.691666666666666430e+01,-7.802420255331152937e-03
1.693750000000000000e+01,-4.683907549032368389e-01
1.695833333333333215e+01,-3.958648942525268555e-01
1.697916666666666430e+01,-4.300164781988373153e-01
1.700000000000000000e+01,-3.546158434215457844e-01
1.702083333333333215e+01,-2.430942825390595419e-01
1.704166666666666430e+01,-2.660432871773920072e-01
1.706250000000000000e+01,-2.687649579190644067e-01
1.708333333333333215e+01,-2.425663077462466288e-01
1.710416666666666430e+01,-2.655930686213684444e-01
1.712500000000000000e+01,-2.585314767063055519e-01
1.714583333333333215e+01,-2.810896515981421429e-01
1.716666666666666430e+01,-2.591444090743577622e-01
1.718750000000000000e+01,-2.448152015639903922e-01
1.720833333333333215e+01,-2.544179609319916491e-01
1.722916666666666430e+01,-2.237813243333385549e-01
1.725000000000000000e+01,-2.297171621880839398e-01
1.727083333333333215e+01,-2.119554949495890961e-01
1.729166666666666430e+01,-1.905617851163486087e-01
1.731250000000000000e+01,-1.844422173653396946e-01
1.733333333333333215e+01,-1.685275275022991848e-01
1.735416666666666430e+01,-1.521372540912120375e-01
1.737500000000000000e+01,-1.256688712948751396e-01
1.739583333333333215e+01,-1.118753557773335267e-01
1.741666666666666430e+01,-9.887851948549600256e-02
1.743750000000000000e+01,-8.872200359927941149e-02
1.745833333333333215e+01,5.861070979386948654e-01
1.747916666666666430e+01,-1.303181273992932987e-01
1.750000000000000000e+01,4.077690469687389463e-01
1.752083333333333215e+01,3.869513239326283771e-01
1.754166666666666430e+01,4.016314471266382857e-01
1.756250000000000000e+01,2.425029997608586872e-03
1.758333333333333215e+01,3.686948971800397268e-01
1.760416666666666430e+01,4.082847097356652813e-04
1.762500000000000000e+01,-3.525224703112078140e-01
1.764583333333333215e+01,-3.076905310624838963e-01
1.766666666666666430e+01,-7.311867240881093910e-02
1.768750000000000000e+01,-7.348367216134028823e-02
1.770833333333333215e+01,-3.056638038276458108e-02
1.772916666666666430e+01,8.184193726462619944e-02
1.775000000000000000e+01,5.622596692181439440e-03
1.777083333333333215e+01,-6.951100021997579093e-02
1.779166666666666430e+01,1.845675455562446332e-01
1.781250000000000000e+01,-6.395428497096455889e-02
1.783333333333333215e+01,2.265064256995210357e-01
1.785416666666666430e+01,-4.561326696574746764e-02
1.787500000000000000e+01,2.122615107074278529e-01
1.789583333333333215e+01,-1.797263648582606288e-01
1.791666666666666430e+01,-2.797314589091176584e-01
1.793750000000000000e+01,2.521035613180807045e-01
1.795833333333333215e+01,-1.008364718864620674e-01
1.797916666666666430e+01,1.545712644735065255e-01
1.800000000000000000e+01,4.611634015715382340e-01
1.802083333333333215e+01,3.726956938827626076e-02
1.804166666666666430e+01,3.660054718043624367e-01
1.806250000000000000e+01,1.931428342234075834e-01
1.808333333333333215e+01,5.240513387275927970e-01
1.810416666666666430e+01,4.539197802656025904e-01
1.812500000000000000e+01,4.977410664804765017e-01
1.814583333333333215e+01,1.593248552688264486e-01
1.816666666666666430e+01,-1.556494016752446030e-01
1.818750000000000000e+01,1.882137033935931680e-01
1.820833333333333215e+01,4.141707878013555777e-01
1.822916666666666430e+01,7.260427470150951877e-03
1.825000000000000000e+01,1.619184270693285466e-01
1.827083333333333215e+01,-2.898308873301319588e-01
1.829166666666666430e+01,5.444113496212638764e-02
1.831250000000000000e+01,-3.115902386112285871e-01
1.833333333333333215e+01,-3.829897761264232647e-01
1.835416666666666430e+01,-4.886239505408921380e-01
1.837500000000000000e+01,-3.664495026069292671e-01
1.839583333333333215e+01,4.699169667887106300e-03
1.841666666666666430e+01,-3.264948669520230662e-01
1.843750000000000000e+01,-1.731077845958046701e-01
1.845833333333333215e+01,3.179418962177963937e-01
1.847916666666666430e+01,6.504139863249346343e-01
1.850000000000000000e+01,1.695322284855469430e-01
1.852083333333333215e+01,6.819265603892281646e-01
1.854166666666666430e+01,1.659310272672821218e-01
1.856250000000000000e+01,4.036919949047416689e-01
1.858333333333333215e+01,3.209290338563892675e-01
1.860416666666666430e+01,6.144149671582898042e-01
1.862500000000000000e+01,2.375432775535872287e-01
1.864583333333333215e+01,1.347898246518679233e-02
1.866666666666666430e+01,2.815759434059765254e-01
1.868750000000000000e+01,-4.519801315648644402e-02
1.870833333333333215e+01,9.041557195243485334e-02
1.872916666666666430e+01,-1.476303267940393960e-01
1.875000000000000000e+01,-2.425040027168276491e-01
1.877083333333333215e+01,-2.100031175546882845e-01
1.879166666666666430e+01,-3.760126196651946140e-01
1.881250000000000000e+01,-4.617516440913506659e-01
1.883333333333333215e+01,-9.937206050081814901e-02
1.885416666666666430e+01,2.104701131836388683e-01
1.887500000000000000e+01,-1.562631441915317831e-01
1.889583333333333215e+01,1.609553708384918180e-01
1.891666666666666430e+01,-5.744780533041483894e-02
1.893750000000000000e+01,-4.592910376400385908e-01
1.895833333333333215e+01,-9.702402038619292735e-02
1.897916666666666430e+01,2.301555897468472445e-01
1.900000000000000000e+01,2.855345687352364367e-02
1.902083333333333215e+01,-2.600822876477754120e-01
1.904166666666666430e+01,-3.793813122934946991e-02
1.906250000000000000e+01,3.028158197329223755e-01
1.908333333333333215e+01,2.883334793000507865e-02
1.910416666666666430e+01,3.332533743347355637e-01
1.912500000000000000e+01,3.265914354044476275e-01
1.914583333333333215e+01,6.755283817436861238e-01
1.916666666666666430e+01,6.984589647472608798e-01
1.918750000000000000e+01,4.606096175463041953e-01
1.920833333333333215e+01,8.295411848035759705e-01
1.922916666666666430e+01,5.068203529645534111e-01
1.925000000000000000e+01,6.827292943437587303e-01
1.927083333333333215e+01,3.348454078735609296e-01
1.929166666666666430e+01,6.726853029489588964e-01
1.931250000000000000e+01,3.550889158358729314e-01
1.933333333333333215e+01,5.291880246910513064e-01
1.935416666666666430e+01,6.817953808521682868e-01
1.937500000000000000e+01,2.454567615229715505e-01
1.939583333333333215e+01,1.009756038577493409e-01
1.941666666666666430e+01,-3.136442638930109772e-01
1.943750000000000000e+01,-4.580809002992183299e-01
1.945833333333333215e+01,-2.097232611901854171e-01
1.947916666666666430e+01,-4.970802240144421846e-01
1.950000000000000000e+01,-9.284375377371126836e-01
1.952083333333333215e+01,-5.159949197401695331e-01
1.954166666666666430e+01,-3.211922800863691307e-01
1.956250000000000000e+01,-5.929710933519830585e-01
1.958333333333333215e+01,-1.227997735420482517e+00
1.960416666666666430e+01,-7.616703530092807650e-01
1.962500000000000000e+01,-1.629332620214667959e-01
1.964583333333333215e+01,4.439132405668640424e-01
1.966666666666666430e+01,-5.403289030575821050e-02
1.968750000000000000e+01,-2.525687710621287718e-01
1.970833333333333215e+01,-6.757413677222927351e-02
1.972916666666666430e+01,1.545207998674120176e-01
1.975000000000000000e+01,7.832565689795694119e-01
1.977083333333333215e+01,3.434496487345995996e-01
1.979166666666666430e+01,3.258266752274525668e-01
1.981250000000000000e+01,-2.085859714070128768e-01
1.983333333333333215e+01,2.892885713980500317e-01
1.985416666666666430e+01,3.074004636927637479e-01
1.987500000000000000e+01,3.564995558099140482e-01
1.989583333333333215e+01,3.825142198184012243e-01
1.991666666666666430e+01,3.665309159366736402e-01
1.993750000000000000e+01,5.399196723153474320e-01
1.995833333333333215e+01,8.157981773113717194e-01
1.997916666666666430e+01,1.203379608742075169e+00
2.000000000000000000e+01,1.323320712694613155e+00
2.002083333333333215e+01,6.632999853245683530e-01
2.004166666666666430e+01,9.083202737199377319e-01
2.006250000000000000e+01,8.316451658146082337e-01
2.008333333333333215e+01,1.160396344209629227e+00
2.010416666666666430e+01,7.658548624638679136e-01
2.012500000000000000e+01,3.327438300868731380e-01
2.014583333333333215e+01,4.110320788460951058e-01
2.016666666666666430e+01,-9.547820541179215248e-02
2.018750000000000000e+01,-3.796311877058943240e-01
2.020833333333333215e+01,-1.272680051203972929e-01
2.022916666666666430e+01,2.851370703088926817e-01
2.025000000000000000e+01,-5.780022409752803847e-02
2.027083333333333215e+01,4.597238647336499562e-01
2.029166666666666430e+01,5.670943894741072855e-01
2.031250000000000000e+01,7.304546605414699023e-01
2.033333333333333215e+01,8.441712716946574435e-01
2.035416666666666430e+01,2.357275007507826647e-01
2.037500000000000000e+01,1.080418380702266867e-01
2.039583333333333215e+01,4.314408489325903817e-01
2.041666666666666430e+01,9.210982249233426455e-02
2.043750000000000000e+01,6.033848818316367435e-01
2.045833333333333215e+01,7.923432825907241739e-01
2.047916666666666430e+01,3.668272696282529610e-01
2.050000000000000000e+01,5.483466656590125776e-01
2.052083333333333215e+01,1.158516332956396777e+00
2.054166666666666430e+01,8.253632150235775677e-01
2.056250000000000000e+01,2.529152247480937477e-01
2.058333333333333215e+01,-3.896628545993084392e-01
2.060416666666666430e+01,-1.944178297431310987e-01
2.062500000000000000e+01,-3.125073458437965801e-01
2.064583333333333215e+01,5.415101908717357554e-02
2.066666666666666430e+01,1.237455468364228317e-01
2.068750000000000000e+01,6.973997811367088628e-01
2.070833333333333215e+01,7.304039038849758914e-01
2.072916666666666430e+01,7.157724416631950914e-01
2.075000000000000000e+01,1.003706075445597312e+00
2.077083333333333215e+01,8.966051486984933927e-01
2.079166666666666430e+01,7.900829783284158969e-01
2.081250000000000000e+01,1.016707478264091247e+00
2.083333333333333215e+01,9.393630068032995384e-01
2.085416666666666430e+01,7.230997863409562854e-01
2.087500000000000000e+01,8.201728078495904573e-01
2.089583333333333215e+01,1.312947410858108732e+00
2.091666666666666430e+01,1.170105598557742432e+00
2.093750000000000000e+01,8.489399711515935865e-01
2.095833333333333215e+01,4.624121776122072647e-01
2.097916666666666430e+01,4.166951668937576847e-01
2.100000000000000000e+01,7.051644287864948513e-02
2.102083333333333215e+01,5.513655802574726206e-01
2.104166666666666430e+01,2.117702119531993388e-01
2.106250000000000000e+01,1.747553578512086037e-01
2.108333333333333215e+01,3.491569429954631820e-01
2.110416666666666430e+01,1.953997456594104010e-01
2.112500000000000000e+01,6.903244305586608842e-01
2.114583333333333215e+01,1.330265032852304907e+00
2.116666666666666430e+01,6.781577237951691428e-01
2.118750000000000000e+01,1.085834210819766943e+00
2.120833333333333215e+01,1.500551393922429533e+00
2.122916666666666430e+01,1.062107804078702422e+00
2.125000000000000000e+01,1.330620509590587419e+00
2.127083333333333215e+01,1.629509328873760321e+00
2.129166666666666430e+01,1.731475535191004722e+00
2.131250000000000000e+01,1.497489833545862625e+00
2.133333333333333215e+01,1.276119433894494337e+00
2.135416666666666430e+01,9.692166630560284935e-01
2.137500000000000000e+01,8.554193719832617893e-01
2.139583333333333215e+01,1.286487842246714974e+00
2.141666666666666430e+01,8.129144611550119803e-01
2.143750000000000000e+01,8.264278183925640731e-01
2.145833333333333215e+01,2.031970941420011001e-01
2.147916666666666430e+01,6.776954564184971275e-02
2.150000000000000000e+01,7.578932313595914128e-01
2.152083333333333215e+01,1.199949923417985120e+00
2.154166666666666430e+01,1.197773168447791914e+00
2.156250000000000000e+01,1.155912936386725764e+00
2.158333333333333215e+01,1.188961734320089558e+00
2.160416666666666430e+01,1.692803919467299689e+00
2.162500000000000000e+01,1.440641960572013991e+00
2.164583333333333215e+01,1.491752507153774054e+00
2.166666666666666430e+01,1.503239209464830806e+00
2.168750000000000000e+01,1.567903609303667123e+00
2.170833333333333215e+01,1.548310702868287647e+00
2.172916666666666430e+01,1.672623535073191947e+00
2.175000000000000000e+01,1.371218177862462362e+00
2.177083333333333215e+01,1.525076282577676468e+00
2.179166666666666430e+01,1.213206947405569780e+00
2.181250000000000000e+01,1.306737629140657830e+00
2.183333333333333215e+01,1.580946493123254637e+00
2.185416666666666430e+01,1.272626362249673626e+00
2.187500000000000000e+01,8.567997103321667307e-01
2.189583333333333215e+01,6.901510015333128800e-01
2.191666666666666430e+01,7.045719635219357402e-01
2.193750000000000000e+01,7.093176335093405172e-01
2.195833333333333215e+01,7.005891804498971531e-01
2.197916666666666430e+01,7.129263804789671699e-01
2.200000000000000000e+01,7.226949616284328304e-01
2.202083333333333215e+01,7.092672996611290026e-01
2.204166666666666430e+01,6.805262131228796418e-01
2.206250000000000000e+01,6.430742381466487689e-01
2.208333333333333215e+01,6.083505554412935723e-01
2.210416666666666430e+01,5.556569256469927609e-01
2.212500000000000000e+01,5.232097376692991242e-01
2.214583333333333215e+01,4.629793058898835079e-01
2.216666666666666430e+01,4.301910756823547621e-01
2.218750000000000000e+01,4.456009403056043761e-01
2.220833333333333215e+01,9.229681879386154586e-01
2.222916666666666430e+01,4.111467526324711352e-01
2.225000000000000000e+01,8.800880554564229907e-01
2.227083333333333215e+01,1.266900432362028761e+00
2.229166666666666430e+01,1.725636019776967567e+00
2.231250000000000000e+01,1.696845794010094943e+00
2.233333333333333215e+01,1.514509955385566764e+00
2.235416666666666430e+01,1.487529005205144195e+00
2.237500000000000000e+01,1.437592121495973929e+00
2.239583333333333215e+01,1.408826389945582402e+00
2.241666666666666430e+01,1.360244741957530534e+00
2.243750000000000000e+01,1.308570935125436652e+00
2.245833333333333215e+01,1.268558812796185320e+00
2.247916666666666430e+01,1.242516868784018458e+00
2.250000000000000000e+01,1.211169238969963979e+00
2.252083333333333215e+01,2.473151754886188103e-02
2.254166666666666430e+01,3.832727943770380952e-01
2.256250000000000000e+01,-6.327942943494830469e-04
2.258333333333333215e+01,1.677281092145927466e-01
2.260416666666666430e+01,5.015740673924725668e-01
2.262500000000000000e+01,1.367067751229130157e-01
2.264583333333333215e+01,-8.471329412155302607e-02
2.266666666666666430e+01,-4.838371529709290519e-01
2.268750000000000000e+01,-1.846224620922321258e-01
2.270833333333333215e+01,2.152187415031354689e-01
2.272916666666666430e+01,-1.112124091315374458e-01
2.275000000000000000e+01,2.041725738154514247e-01
2.277083333333333215e+01,-1.633134341115849708e-01
2.279166666666666430e+01,1.989559387819779535e-01
2.281250000000000000e+01,2.483733177433764261e-01
2.283333333333333215e+01,-2.080070601906103267e-01
2.285416666666666430e+01,2.044490064420929343e-01
2.287500000000000000e+01,1.817391308159667929e-01
2.289583333333333215e+01,-1.295460818692535099e-01
2.291666666666666430e+01,-5.902572166334485448e-01
2.293750000000000000e+01,-1.373393367921055819e-01
2.295833333333333215e+01,-5.736816348330924242e-01
2.297916666666666430e+01,-3.294428056223195345e-01
2.300000000000000000e+01,2.421600722103891060e-02
2.302083333333333215e+01,-1.775962160238818421e-01
2.304166666666666430e+01,-5.947897097290817392e-01
2.306250000000000000e+01,-2.669276714924413429e-01
2.308333333333333215e+01,1.862469022085695702e-01
2.310416666666666430e+01,-1.488500800836937144e-01
2.312500000000000000e+01,-1.499327743528363899e-01
2.314583333333333215e+01,-2.611592229239103613e-01
2.316666666666666430e+01,8.665519337741678374e-02
2.318750000000000000e+01,-2.619439509953799816e-01
2.320833333333333215e+01,1.899627144539248885e-02
2.322916666666666430e+01,3.772161650582145365e-01
2.325000000000000000e+01,2.633126979828794012e-02
2.327083333333333215e+01,1.113555606431460981e-01
2.329166666666666430e+01,4.321794280144601319e-01
2.331250000000000000e+01,7.385124176435170149e-03
2.333333333333333215e+01,-2.704684938083928847e-01
2.335416666666666430e+01,-1.546135381207701560e-02
2.337500000000000000e+01,-3.203309609220524878e-01
2.339583333333333215e+01,6.281489314570293248e-02
2.341666666666666430e+01,-3.230540945653109230e-01
2.343750000000000000e+01,2.263397720009448222e-02
2.345833333333333215e+01,3.880805256725816665e-01
2.347916666666666430e+01,2.866304354398841597e-02
2.350000000000000000e+01,4.426568553791082605e-01
2.352083333333333215e+01,5.053185056508480849e-02
2.354166666666666430e+01,8.101668345541077759e-03
2.356250000000000000e+01,-2.215594240155448202e-01
2.358333333333333215e+01,-1.647860902171658648e-01
2.360416666666666430e+01,-4.594749165441400773e-01
2.362500000000000000e+01,-1.851812036764015901e-01
2.364583333333333215e+01,3.009865124355226018e-01
2.366666666666666430e+01,1.794332675181867232e-01
2.368750000000000000e+01,1.715207658636427879e-01
2.370833333333333215e+01,3.354168137386410176e-01
2.372916666666666430e+01,3.090329974537085050e-02
2.375000000000000000e+01,3.194364788040980341e-01
2.377083333333333215e+01,-2.736999095359555004e-02
2.379166666666666430e+01,9.036143973549097194e-03
2.381250000000000000e+01,1.827282196401280034e-01
2.383333333333333215e+01,4.779229832075598816e-01
2.385416666666666430e+01,2.730414581492269233e-01
2.387500000000000000e+01,-1.390693992722792371e-01
2.389583333333333215e+01,-6.259640798280485807e-02
2.391666666666666430e+01,2.909217472457555909e-01
2.393750000000000000e+01,6.942487564666729449e-01
2.395833333333333215e+01,3.155350580597475196e-01
2.397916666666666430e+01,6.988905119643127328e-01
2.400000000000000000e+01,6.634027496734326013e-01
2.402083333333333215e+01,3.026346517146286663e-01
2.404166666666666430e+01,5.001706147233322408e-01
2.406250000000000000e+01,6.110654546124020259e-01
2.408333333333333215e+01,2.051440692361771456e-01
2.410416666666666430e+01,4.382508557892202394e-01
2.412500000000000000e+01,7.588668032476429681e-02
2.414583333333333215e+01,2.188240599954450194e-01
2.416666666666666430e+01,5.512844283401425738e-01
2.418750000000000000e+01,2.662427092215027824e-01
2.420833333333333215e+01,2.788576441062227129e-01
2.422916666666666430e+01,-1.485856560545218974e-01
2.425000000000000000e+01,-4.573643897265262659e-01
2.427083333333333215e+01,-3.895427595813899524e-01
2.429166666666666430e+01,-2.571637706619903097e-01
2.431250000000000000e+01,-5.462118664433273096e-01
2.433333333333333215e+01,-7.399800609485726044e-01
2.435416666666666430e+01,-3.137989802874758816e-01
2.437500000000000000e+01,-5.607000257992766912e-01
2.439583333333333215e+01,-1.977289629383433278e-01
2.441666666666666430e+01,-2.830386053286367276e-01
2.443750000000000000e+01,-5.304444572376756373e-01
2.445833333333333215e+01,-8.606814190736400416e-02
2.447916666666666430e+01,2.665994831434269074e-01
2.450000000000000000e+01,3.766482405126239108e-01
2.452083333333333215e+01,2.988604452971109771e-01
2.454166666666666430e+01,6.673441713210733761e-01
2.456250000000000000e+01,3.259785445378776680e-01
2.458333333333333215e+01,1.289512961422363893e-02
2.460416666666666430e+01,4.525499218571818472e-01
2.462500000000000000e+01,3.344401241708489514e-01
2.464583333333333215e+01,8.333944710156425684e-01
2.466666666666666430e+01,2.561053880995547427e-01
2.468750000000000000e+01,-1.140708117761910292e-02
2.470833333333333215e+01,-1.833614834991131315e-01
2.472916666666666430e+01,1.320423405978106146e-01
2.475000000000000000e+01,2.797374205909627931e-01
2.477083333333333215e+01,4.248076077513036064e-01
2.479166666666666430e+01,2.412240428422865110e-02
2.481250000000000000e+01,2.638566869301339768e-01
2.483333333333333215e+01,9.062178753081429061e-02
2.485416666666666430e+01,1.479661972406994264e-01
2.487500000000000000e+01,1.674271932407327967e-01
2.489583333333333215e+01,-3.496961824699861832e-01
2.491666666666666430e+01,-4.978430077271635279e-02
2.493750000000000000e+01,-5.178217130828663417e-02
2.495833333333333215e+01,1.815241956164825032e-01
2.497916666666666430e+01,3.310209209735992530e-01
2.500000000000000000e+01,9.077968183184993434e-01
2.502083333333333215e+01,6.009025977192459234e-01
2.504166666666666430e+01,8.309058826971329470e-01
2.506250000000000000e+01,6.604266851268569827e-01
2.508333333333333215e+01,7.455832185431927606e-01
2.510416666666666430e+01,8.029752400617623520e-01
2.512500000000000000e+01,7.942761672883971169e-01
2.514583333333333215e+01,6.784343412855311506e-01
2.516666666666666430e+01,6.323344747090567930e-01
2.518750000000000000e+01,4.928265639785491259e-01
2.520833333333333215e+01,3.121258138077097066e-01
2.522916666666666430e+01,1.999638037470451157e-01
2.525000000000000000e+01,-9.003082013654964411e-02
2.527083333333333215e+01,-5.190111479065155908e-01
2.529166666666666430e+01,-2.182234481917771363e-01
2.531250000000000000e+01,-3.047256905059754217e-01
2.533333333333333215e+01,-7.970872891677740490e-01
2.535416666666666430e+01,-5.580433148396282128e-01
2.537500000000000000e+01,-5.127274359330170617e-01
2.539583333333333215e+01,-8.148354703033319213e-01
2.541666666666666430e+01,-3.216425854051140343e-01
2.543750000000000000e+01,-3.678144120510395410e-01
2.545833333333333215e+01,-3.605673488715901986e-01
2.547916666666666430e+01,-3.531644474931872058e-01
2.550000000000000000e+01,-3.814745190618935022e-01
2.552083333333333215e+01,-3.576881925917256844e-01
2.554166666666666430e+01,-3.400475825151372811e-01
2.556250000000000000e+01,-3.626791458565460924e-01
2.558333333333333215e+01,-3.560359073090756943e-01
2.560416666666666430e+01,-3.563892974507231748e-01
2.562500000000000000e+01,-3.443408762294988823e-01
2.564583333333333215e+01,-3.631736114812958993e-01
2.566666666666666430e+01,-3.514518533578180892e-01
2.568750000000000000e+01,-3.638723680669249116e-01
2.570833333333333215e+01,-3.594717907016564684e-01
2.572916666666666430e+01,-3.644855768290601317e-01
2.575000000000000000e+01,-3.865741749671074423e-01
2.577083333333333215e+01,-3.841741559507778070e-01
2.579166666666666430e+01,-3.835742998369914836e-01
2.581250000000000000e+01,-3.887579393737087274e-01
2.583333333333333215e+01,-3.892466509651849038e-01
2.585416666666666430e+01,-4.189215637323365771e-01
2.587500000000000000e+01,-4.067552647482971517e-01
2.589583333333333215e+01,-7.956729973957598068e-01
2.591666666666666430e+01,-1.201767807475975225e+00
2.593750000000000000e+01,-1.451937017052936874e+00
2.595833333333333215e+01,-1.795181964469406921e+00
2.597916666666666430e+01,-1.781954388886592522e+00
2.600000000000000000e+01,-1.769423005669524818e+00
2.602083333333333215e+01,-1.744585960090748955e+00
2.604166666666666430e+01,-1.726449688510584668e+00
2.606250000000000000e+01,-1.686231059716852387e+00
2.608333333333333215e+01,-1.679614889918267240e+00
2.610416666666666430e+01,-1.661850032174850389e+00
2.612500000000000000e+01,-1.644388369254568438e+00
2.614583333333333215e+01,-1.619444126641834902e+00
2.616666666666666430e+01,-1.597640837422591442e+00
2.618750000000000000e+01,1.213030857491768574e-02
2.620833333333333215e+01,-8.535777591085551286e-02
2.622916666666666430e+01,-3.272079268241491201e-01
2.625000000000000000e+01,6.775905619792202406e-02
2.627083333333333215e+01,-1.730523546286973080e-01
2.629166666666666430e+01,-1.678563328170836755e-01
2.631250000000000000e+01,-5.495669127678511900e-01
2.633333333333333215e+01,-1.916880105636663278e-01
2.635416666666666430e+01,-7.302385997695014230e-02
2.637500000000000000e+01,-4.614462966816756939e-01
2.639583333333333215e+01,-2.568251990473781332e-02
2.641666666666666430e+01,-4.300687310256472440e-01
2.643750000000000000e+01,-3.715346814788276220e-01
2.645833333333333215e+01,-1.226418233427098298e-01
2.647916666666666430e+01,-2.298291356726963330e-01
2.650000000000000000e+01,1.176292519162665945e-01
2.652083333333333215e+01,5.329947273207147340e-01
2.654166666666666430e+01,1.421067655867008228e-01
2.656250000000000000e+01,3.937785451894116329e-01
2.658333333333333215e+01,2.123428881569787152e-01
2.660416666666666430e+01,-6.822519766869759514e-03
2.662500000000000000e+01,2.813665957989302524e-01
2.664583333333333215e+01,-1.499988625873325265e-01
2.666666666666666430e+01,-4.487742424049977474e-01
2.668750000000000000e+01,-8.036056216695429411e-02
2.670833333333333215e+01,1.339372064432340914e-01
2.672916666666666430e+01,2.265454754468329002e-01
2.675000000000000000e+01,2.477944369737113406e-01
2.677083333333333215e+01,2.498618074596612171e-01
2.679166666666666430e+01,-9.160533348552965527e-02
2.681250000000000000e+01,-1.798170175426133388e-01
2.683333333333333215e+01,1.507145496340127622e-01
2.685416666666666430e+01,-4.328770463909514116e-03
2.687500000000000000e+01,2.298108431970243004e-01
2.689583333333333215e+01,-2.162476515007208666e-01
2.691666666666666430e+01,1.983081873915758242e-01
2.693750000000000000e+01,-2.156840314258321178e-01
2.695833333333333215e+01,-8.982174278278506896e-03
2.697916666666666430e+01,-3.665103248916122269e-01
2.700000000000000000e+01,2.508615899438040170e-02
2.702083333333333215e+01,8.031771167571492842e-02
2.704166666666666430e+01,4.585257417448195816e-01
2.706250000000000000e+01,7.398656702590930556e-02
2.708333333333333215e+01,-3.952894597342406779e-01
2.710416666666666430e+01,-7.353619775528543734e-01
2.712500000000000000e+01,-4.088069064711256084e-01
2.714583333333333215e+01,8.557941210805897203e-02
2.716666666666666430e+01,-3.778882881632155688e-01
2.718750000000000000e+01,8.694629134574449747e-02
2.720833333333333215e+01,3.700793942606433462e-01
2.722916666666666430e+01,6.428208109179189833e-02
2.725000000000000000e+01,2.694453389356227246e-01
2.727083333333333215e+01,3.558255025597933940e-01
2.729166666666666430e+01,7.051758921323880713e-02
2.731250000000000000e+01,5.808801685722213559e-01
2.733333333333333215e+01,1.139561908949507790e-01
2.735416666666666430e+01,-1.837505861549575958e-01
2.737500000000000000e+01,2.372045400629855527e-01
2.739583333333333215e+01,-7.230411191411770244e-02
2.741666666666666430e+01,-3.894858800614100502e-01
2.743750000000000000e+01,-5.368788362165620442e-02
2.745833333333333215e+01,2.056412948536902319e-01
2.747916666666666430e+01,-2.473177612707187500e-01
2.750000000000000000e+01,1.689744168962813708e-01
2.752083333333333215e+01,2.428960657100431852e-01
2.754166666666666430e+01,-9.377512773976860727e-02
2.756250000000000000e+01,-5.967793342354308361e-01
2.758333333333333215e+01,-4.434254585456315900e-01
2.760416666666666430e+01,-2.091674482177560968e-01
2.762500000000000000e+01,4.737522198878468815e-02
2.764583333333333215e+01,-2.966276166705131973e-02
2.766666666666666430e+01,-2.482644757870232644e-01
2.768750000000000000e+01,2.234401839492156372e-01
2.770833333333333215e+01,-1.462234097909486386e-01
2.772916666666666430e+01,-2.215883360344984565e-01
2.775000000000000000e+01,3.059284389264728121e-01
2.777083333333333215e+01,4.364567025449765381e-01
2.779166666666666430e+01,5.629974324571314082e-01
2.781250000000000000e+01,1.600470210698691775e-01
2.783333333333333215e+01,1.501272020249610206e-01
2.785416666666666430e+01,5.264492400388670612e-01
2.787500000000000000e+01,4.355727779976089065e-01
2.789583333333333215e+01,7.971578149398640400e-01
2.791666666666666430e+01,4.059802685931732658e-01
2.793750000000000000e+01,8.618557277929905780e-01
2.795833333333333215e+01,4.513952644380815338e-01
2.797916666666666430e+01,7.054703102948800542e-01
2.800000000000000000e+01,3.914260959685392782e-01
2.802083333333333215e+01,4.524742555150711859e-02
2.804166666666666430e+01,2.147465494819071896e-01
2.806250000000000000e+01,-2.524639294744985413e-02
2.808333333333333215e+01,-5.200244225820274124e-01
2.810416666666666430e+01,1.958997688131066880e-02
2.812500000000000000e+01,-1.134820474063465978e-01
2.814583333333333215e+01,9.323474281595590940e-02
2.816666666666666430e+01,3.873080857699420232e-01
2.818750000000000000e+01,-7.568689528585755000e-02
2.820833333333333215e+01,-9.819716609013948161e-02
2.822916666666666430e+01,9.233770433500607111e-02
2.825000000000000000e+01,-3.997856437562066212e-01
2.827083333333333215e+01,-6.695282395781723128e-01
2.829166666666666430e+01,-4.293696862105733092e-01
2.831250000000000000e+01,-9.624864780628914485e-01
2.833333333333333215e+01,-1.147909015536721533e+00
2.835416666666666430e+01,-7.136551734107883238e-01
2.837500000000000000e+01,-9.341000235518781558e-01
2.839583333333333215e+01,-7.370189812144862795e-01
2.841666666666666430e+01,-5.706858138924632978e-02
2.843750000000000000e+01,-6.174756676762074292e-01
2.845833333333333215e+01,-1.033244968769879424e-01
2.847916666666666430e+01,2.153542100304753626e-01
2.850000000000000000e+01,8.524051378053643102e-01
2.852083333333333215e+01,3.976622851716951623e-01
2.854166666666666430e+01,2.751317366750790638e-01
2.856250000000000000e+01,5.710863545354460946e-01
2.858333333333333215e+01,3.156677351021497935e-01
2.860416666666666430e+01,6.147185759977895625e-01
2.862500000000000000e+01,7.172369312013139320e-01
2.864583333333333215e+01,1.070129956349235245e+00
2.866666666666666430e+01,5.089801433644803863e-01
2.868750000000000000e+01,7.587353940588298373e-01
2.870833333333333215e+01,6.699728704045909700e-01
2.872916666666666430e+01,7.355801463744852109e-01
2.875000000000000000e+01,2.770571987627417077e-01
2.877083333333333215e+01,3.469833922316232222e-01
2.879166666666666430e+01,7.104530389604373219e-01
2.881250000000000000e+01,3.077146346793463438e-01
2.883333333333333215e+01,7.235327215311833093e-01
2.885416666666666430e+01,4.248022580287166838e-01
2.887500000000000000e+01,6.773224355116976847e-01
2.889583333333333215e+01,8.996839386922707016e-01
2.891666666666666430e+01,1.173831227288494455e-01
2.893750000000000000e+01,5.635472128917248247e-01
2.895833333333333215e+01,3.313528365932847941e-01
2.897916666666666430e+01,-7.508873964033521697e-02
2.900000000000000000e+01,6.398707982347073830e-02
2.902083333333333215e+01,-1.283961279916444320e-01
2.904166666666666430e+01,1.118283887499882945e-01
2.906250000000000000e+01,-2.758011144809736082e-01
2.908333333333333215e+01,8.232374047469752376e-02
2.910416666666666430e+01,1.847217941764789373e-01
2.912500000000000000e+01,-1.574925547158420869e-01
2.914583333333333215e+01,8.959229337114596459e-02
2.916666666666666430e+01,-1.974748057036635474e-01
2.918750000000000000e+01,3.912883549599606714e-01
2.920833333333333215e+01,-1.914270364753543063e-01
2.922916666666666430e+01,-3.679243512012924655e-01
2.925000000000000000e+01,1.344883480448879343e-01
2.927083333333333215e+01,1.615358300470879638e-01
2.929166666666666430e+01,4.690726804508242309e-01
2.931250000000000000e+01,3.976383073460525441e-01
2.933333333333333215e+01,-5.444859838303010152e-02
2.935416666666666430e+01,2.069205450522303424e-01
2.937500000000000000e+01,3.242174338797597644e-01
2.939583333333333215e+01,3.372455893400611582e-01
2.941666666666666430e+01,-5.982126134162695646e-02
2.943750000000000000e+01,-2.489390922915359350e-01
2.945833333333333215e+01,-4.869167722426516742e-01
2.947916666666666430e+01,-7.415427017539489851e-01
2.950000000000000000e+01,-2.816823549036136520e-01
2.952083333333333215e+01,1.031681792285098348e-01
2.954166666666666430e+01,-2.095462002198602014e-01
2.956250000000000000e+01,-4.953069540070563770e-01
2.958333333333333215e+01,-4.681915519532974246e-01
2.960416666666666430e+01,-4.859018584337111424e-01
2.962500000000000000e+01,-4.610922228325954331e-01
2.964583333333333215e+01,-4.471625137925895888e-01
2.966666666666666430e+01,-4.410701311724403717e-01
2.968750000000000000e+01,-4.205905224643435303e-01
2.970833333333333215e+01,-4.327893648278265948e-01
2.972916666666666430e+01,-4.280070971328252538e-01
2.975000000000000000e+01,-4.170408664956159472e-01
2.977083333333333215e+01,-4.050454216078470115e-01
2.979166666666666430e+01,-3.860826804729184381e-01
2.981250000000000000e+01,-3.846141894682049700e-01
2.983333333333333215e+01,-3.675832755104070926e-01
2.985416666666666430e+01,-3.679040692408328539e-01
2.987500000000000000e+01,-3.755077105402503945e-01
2.989583333333333215e+01,8.894960467093810177e-03
2.991666666666666430e+01,-1.700157946997244984e-01
2.993750000000000000e+01,-2.734260784131677391e-01
2.995833333333333215e+01,3.920674518822675481e-02
2.997916666666666430e+01,4.329955970585117608e-01
3.000000000000000000e+01,3.525661601597602363e-02
3.002083333333333215e+01,-7.235073096481107677e-03
3.004166666666666430e+01,-4.320566150525714244e-01
3.006250000000000000e+01,-5.374294290069479146e-02
3.008333333333333215e+01,2.377271008186391255e-01
3.010416666666666430e+01,-3.553069274662377236e-02
3.012500000000000000e+01,-2.182779143769387753e-01
3.014583333333333215e+01,-7.609742725865707991e-01
3.016666666666666430e+01,-4.423122979779877673e-01
3.018750000000000000e+01,9.359134059387212712e-02
3.020833333333333215e+01,3.307384075460231276e-01
3.022916666666666430e+01,9.755902480177432168e-02
3.025000000000000000e+01,5.234445914308932801e-01
3.027083333333333215e+01,5.298914021678265973e-01
3.029166666666666430e+01,2.659951799815714682e-02
3.031250000000000000e+01,2.751499713054105234e-01
3.033333333333333215e+01,5.192207798434154975e-02
3.035416666666666430e+01,3.450537699457318919e-01
3.037500000000000000e+01,-2.677938573465562383e-02
3.039583333333333215e+01,2.317673763391138175e-01
3.041666666666666430e+01,3.857375666177392023e-03
3.043750000000000000e+01,3.190872962068642682e-01
3.045833333333333215e+01,-6.914075167610024553e-02
3.047916666666666430e+01,3.819330128389224477e-01
3.050000000000000000e+01,2.636312049456501216e-01
3.052083333333333215e+01,-1.406819805381079036e-01
3.054166666666666430e+01,-5.105191538242594973e-01
3.056250000000000000e+01,-1.893451059746879273e-01
3.058333333333333215e+01,1.014356214697877956e-01
3.060416666666666430e+01,-1.974108674747672987e-01
3.062500000000000000e+01,1.098777808798423739e-01
3.064583333333333215e+01,-1.692017139512051738e-02
3.066666666666666430e+01,-1.615637393508781439e-02
3.068750000000000000e+01,2.562879924154030098e-01
3.070833333333333215e+01,5.510340879895724298e-01
3.072916666666666430e+01,1.135699628943570294e-01
3.075000000000000000e+01,5.369058976218723522e-01
3.077083333333333215e+01,5.976414629567005088e-01
3.079166666666666430e+01,2.315103052570215980e-01
3.081250000000000000e+01,2.878874661931544177e-01
3.083333333333333215e+01,-1.427013781254480584e-01
3.085416666666666430e+01,-5.008024273199865872e-01
3.087500000000000000e+01,-1.580728937095718656e-01
3.089583333333333215e+01,-5.123612816976963469e-01
3.091666666666666430e+01,-3.547607728030570118e-01
3.093750000000000000e+01,4.935034885694407347e-02
3.095833333333333215e+01,5.636663765123808151e-02
3.097916666666666430e+01,-1.595536956928552408e-01
3.100000000000000000e+01,-2.891724701753006777e-01
3.102083333333333215e+01,-6.931995645375950144e-01
3.104166666666666430e+01,-4.643626977637849707e-01
3.106250000000000000e+01,-8.374856882809815495e-02
3.108333333333333215e+01,-2.590080505114303877e-01
3.110416666666666430e+01,-4.710627873236599150e-01
3.112500000000000000e+01,-2.865114589901821551e-01
3.114583333333333215e+01,-3.848675412150412978e-01
3.116666666666666430e+01,-1.994352041328535941e-01
3.118750000000000000e+01,1.145811654862608914e-01
3.120833333333333215e+01,9.591027042420142285e-03
3.122916666666666430e+01,-4.514072300237687574e-01
3.125000000000000000e+01,-3.368350417633238503e-01
3.127083333333333215e+01,-2.523231834702784337e-01
3.129166666666666430e+01,-3.053002725913539842e-02
3.131250000000000000e+01,-1.808283337166649296e-01
3.133333333333333215e+01,3.611452696939145279e-01
3.135416666666666430e+01,4.826160430205789220e-02
3.137500000000000000e+01,-4.367438764272865703e-01
3.139583333333333215e+01,2.812331053806169795e-02
3.141666666666666430e+01,2.252788329956440516e-01
3.143750000000000000e+01,-1.562720232936450349e-01
3.145833333333333215e+01,2.069648600219691215e-01
3.147916666666666430e+01,-9.518542533871873768e-02
3.150000000000000000e+01,2.651474939950809184e-01
3.152083333333333215e+01,4.763947842684966849e-01
3.154166666666666430e+01,8.310559223841218479e-01
3.156250000000000000e+01,5.258965574662185505e-01
3.158333333333333215e+01,1.009177674506209627e-01
3.160416666666666430e+01,3.172316650761566326e-01
3.162500000000000000e+01,5.208907883589339871e-01
3.164583333333333215e+01,2.904171544464778654e-01
3.166666666666666430e+01,5.058499769484195996e-01
3.168750000000000000e+01,4.180887006537063466e-01
3.170833333333333215e+01,1.675014939826344473e-01
3.172916666666666430e+01,2.309740086854150387e-01
3.175000000000000000e+01,7.797392452271817431e-02
3.177083333333333215e+01,1.593972845102801517e-01
3.179166666666666430e+01,2.436639232125465959e-01
3.181250000000000000e+01,1.425219921320765304e-01
3.183333333333333215e+01,7.812456620860609713e-02
3.185416666666666430e+01,-1.394926970241069653e-01
3.187500000000000000e+01,-6.073602074515963567e-01
3.189583333333333215e+01,-2.165275277495890272e-01
3.191666666666666430e+01,-3.651045558192924090e-01
3.193750000000000000e+01,-2.608098763195626502e-01
3.195833333333333215e+01,-1.349077402653582058e-01
3.197916666666666430e+01,-6.822815501135661709e-01
3.200000000000000000e+01,-4.098371573923166311e-01
3.202083333333332860e+01,-1.575656055864261273e-01
3.204166666666666430e+01,2.713455287744313549e-01
3.206250000000000000e+01,-3.334710161208531698e-02
3.208333333333332860e+01,-2.294099968071907358e-01
3.210416666666666430e+01,-7.041547267992683823e-01
3.212500000000000000e+01,-3.219005916360206943e-01
3.214583333333332860e+01,6.273896202303118341e-02
3.216666666666666430e+01,-4.552237387934807145e-01
3.218750000000000000e+01,-1.909341209534151911e-03
3.220833333333332860e+01,8.142202414531755916e-02
3.222916666666666430e+01,5.332670468824355359e-01
3.225000000000000000e+01,6.475481150790631801e-01
3.227083333333332860e+01,8.099475985503533648e-01
3.229166666666666430e+01,3.929566157126203607e-01
3.231250000000000000e+01,2.368442244602906033e-01
3.233333333333332860e+01,5.508974710319157753e-01
3.235416666666666430e+01,5.339639874298744981e-01
3.237500000000000000e+01,1.294012417156496508e-01
3.239583333333332860e+01,1.411521628354577285e-01
3.241666666666666430e+01,1.560321098164303422e-01
3.243750000000000000e+01,1.416985767060812695e-01
3.245833333333332860e+01,1.346001534694673818e-01
3.247916666666666430e+01,1.409443036862413068e-01
3.250000000000000000e+01,1.240250905677261206e-01
3.252083333333332860e+01,1.238621999773541482e-01
3.254166666666666430e+01,1.193505105725560511e-01
3.256250000000000000e+01,1.288408797296224928e-01
3.258333333333332860e+01,1.198178705622724022e-01
3.260416666666666430e+01,1.354447091970729933e-01
3.262500000000000000e+01,1.335998504412845289e-01
3.264583333333332860e+01,1.068430848613110412e-01
3.266666666666666430e+01,1.179032411386984336e-01
3.268750000000000000e+01,1.204938618736665218e-01
3.270833333333332860e+01,1.225255615586264835e-01
3.272916666666666430e+01,1.229943048007164919e-01
3.275000000000000000e+01,9.602296754370728826e-02
3.277083333333332860e+01,1.238176779351424506e-01
3.279166666666666430e+01,1.081770219383004772e-02
3.281250000000000000e+01,-3.821594452465590930e-01
3.283333333333332860e+01,-2.753521004334587574e-01
3.285416666666666430e+01,1.981246446291954483e-02
3.287500000000000000e+01,3.892126464373842770e-02
3.289583333333332860e+01,4.413061539649745790e-01
3.291666666666666430e+01,2.043764313426199020e-01
3.293750000000000000e+01,2.782923674197133601e-01
3.295833333333332860e+01,6.888615633308942110e-01
3.297916666666666430e+01,2.935299862220010492e-01
3.300000000000000000e+01,6.766843843556950011e-01
3.302083333333332860e+01,6.046630795473029174e-01
3.304166666666666430e+01,1.682937612488647483e-01
3.306250000000000000e+01,3.720401826919763066e-01
3.308333333333332860e+01,1.705640755381956225e-02
3.310416666666666430e+01,-4.052828528654937174e-02
3.312500000000000000e+01,1.976410551947817840e-01
3.314583333333332860e+01,-3.318345927483193347e-01
3.316666666666666430e+01,-5.667595949849760784e-01
3.318750000000000000e+01,-2.086291836887182449e-01
3.320833333333332860e+01,-9.746902250399344658e-02
3.322916666666666430e+01,-6.622757253523998688e-01
3.325000000000000000e+01,-3.816458161717185549e-01
3.327083333333332860e+01,-1.927308975266872060e-01
3.329166666666666430e+01,-2.379962058816978698e-01
3.331250000000000000e+01,7.323145691238516775e-02
3.333333333333332860e+01,-2.329499151057266570e-01
3.335416666666666430e+01,-3.170112870737726851e-01
3.337500000000000000e+01,-3.739277716180158806e-01
3.339583333333332860e+01,-1.568192837089841529e-01
3.341666666666666430e+01,-3.516162279440807614e-01
3.343750000000000000e+01,-1.654098415182736204e-01
3.345833333333332860e+01,-4.241858261185447732e-01
3.347916666666666430e+01,-1.579705009871211485e-01
3.350000000000000000e+01,1.976816717199017803e-01
3.352083333333332860e+01,4.516269522025908589e-01
3.354166666666666430e+01,7.259779836326726854e-02
3.356250000000000000e+01,1.420189930555510772e-03
3.358333333333332860e+01,1.729238353049712337e-02
3.360416666666666430e+01,4.382701697429753906e-01
3.362500000000000000e+01,2.026021550108755842e-01
3.364583333333332860e+01,-1.903515158777228933e-01
3.366666666666666430e+01,-6.044111771854775439e-01
3.368750000000000000e+01,-2.235134991967663021e-01
3.370833333333332860e+01,-6.066597947876705144e-01
3.372916666666666430e+01,-2.054320914131849696e-01
3.375000000000000000e+01,-1.372487865298543108e-01
3.377083333333332860e+01,-5.217440241146418245e-01
3.379166666666666430e+01,-1.854457697614289302e-01
3.381250000000000000e+01,-4.185954023325198503e-01
3.383333333333332860e+01,-6.094874808356297580e-01
3.385416666666666430e+01,-1.522521868054751704e-01
3.387500000000000000e+01,-5.879219755776874390e-01
3.389583333333332860e+01,-3.974065114365968876e-01
3.391666666666666430e+01,-7.828960352640510489e-01
3.393750000000000000e+01,-5.828156358506131340e-01
3.395833333333332860e+01,-8.339999083316130823e-01
3.397916666666666430e+01,-6.190065035949400274e-01
3.400000000000000000e+01,-3.341524638926659518e-01
3.402083333333332860e+01,-1.104198787501006196e-01
3.404166666666666430e+01,-7.204962357275213058e-02
3.406250000000000000e+01,-4.454663051537600948e-02
3.408333333333332860e+01,4.559377783100334591e-01
3.410416666666666430e+01,5.510654193691296721e-01
3.412500000000000000e+01,6.345358111532041212e-01
3.414583333333332860e+01,2.493640340018578039e-01
3.416666666666666430e+01,5.308831403864762155e-01
3.418750000000000000e+01,5.249391805993345317e-01
3.420833333333332860e+01,3.133832136770478560e-01
3.422916666666666430e+01,-3.208263922530267542e-02
3.425000000000000000e+01,4.582363781542594383e-01
3.427083333333332860e+01,7.115855724488657774e-01
3.429166666666666430e+01,3.874449118044749896e-01
3.431250000000000000e+01,7.209598853124941087e-01
3.433333333333332860e+01,3.506271044957475214e-01
3.435416666666666430e+01,8.199195729417958489e-01
3.437500000000000000e+01,4.107521000823360913e-01
3.439583333333332860e+01,4.177026368469415885e-01
3.441666666666666430e+01,4.232446749591305402e-01
3.443750000000000000e+01,5.656720985321896100e-02
3.445833333333332860e+01,3.747747445771314467e-01
3.447916666666666430e+01,4.206246141826512353e-01
3.450000000000000000e+01,4.774015170384557916e-01
3.452083333333332860e+01,6.976987632215903012e-01
3.454166666666666430e+01,4.201615167326227529e-01
3.456250000000000000e+01,6.355494594878307035e-01
3.458333333333332860e+01,1.512013172696086150e-01
3.460416666666666430e+01,6.845289522720287012e-01
3.462500000000000000e+01,3.987014860934923188e-01
3.464583333333332860e+01,2.598131408239678364e-01
3.466666666666666430e+01,5.227121856256022880e-02
3.468750000000000000e+01,-1.715983596187261873e-01
3.470833333333332860e+01,2.768273295758605368e-02
3.472916666666666430e+01,-1.428147839528655649e-01
3.475000000000000000e+01,9.505779694593727291e-02
3.477083333333332860e+01,1.765269604134993009e-01
3.479166666666666430e+01,7.264133814293292912e-02
3.481250000000000000e+01,4.733850749965835547e-01
3.483333333333332860e+01,6.075018817481365324e-02
3.485416666666666430e+01,-2.385617566739846596e-01
3.487500000000000000e+01,-2.800858963746417074e-01
3.489583333333332860e+01,-8.463393402710768232e-01
3.491666666666666430e+01,-3.934145352582906763e-01
3.493750000000000000e+01,1.486090270919715184e-01
3.495833333333332860e+01,-3.872712643651036735e-01
3.497916666666666430e+01,1.041284659226704434e-03
3.500000000000000000e+01,-4.148109432934823371e-01
3.502083333333332860e+01,-1.931422335072480179e-02
3.504166666666666430e+01,-3.410649400803636988e-01
3.506250000000000000e+01,-1.004175473947457459e-01
3.508333333333332860e+01,-6.084645924823360585e-02
3.510416666666666430e+01,3.443533757145734731e-01
3.512500000000000000e+01,-1.381831112962330077e-01
3.514583333333332860e+01,2.416775674278028030e-01
3.516666666666666430e+01,4.918421798248330812e-01
3.518750000000000000e+01,2.362957419318385544e-01
3.520833333333332860e+01,-3.071041533024337356e-01
3.522916666666666430e+01,4.175878824087687624e-01
3.525000000000000000e+01,4.798658422169865823e-05
3.527083333333332860e+01,-5.178485737021988333e-01
3.529166666666666430e+01,3.978072093142489413e-02
3.531250000000000000e+01,4.177938980015378778e-01
3.533333333333332860e+01,2.777652815512010043e-01
3.535416666666666430e+01,1.480277580451599961e-01
3.537500000000000000e+01,8.675716141495561085e-02
3.539583333333332860e+01,4.632792742151780052e-01
3.541666666666666430e+01,2.357762442792520896e-01
3.543750000000000000e+01,4.596009019263913031e-01
3.545833333333332860e+01,6.833236221706504576e-01
3.547916666666666430e+01,1.047704417288900069e+00
3.550000000000000000e+01,1.202313365518071997e+00
3.552083333333332860e+01,7.237826155967703734e-01
3.554166666666666430e+01,8.184173304558228779e-02
3.556250000000000000e+01,5.517056674099872771e-01
3.558333333333332860e+01,-4.963391350510975436e-02
3.560416666666666430e+01,1.332347547809058230e-01
3.562500000000000000e+01,6.955492284355436761e-01
3.564583333333332860e+01,3.047284405949281516e-01
3.566666666666666430e+01,5.829086104412526392e-01
3.568750000000000000e+01,5.708683871550385147e-01
3.570833333333332860e+01,1.870689986855871290e-01
3.572916666666666430e+01,2.696891356072385615e-01
3.575000000000000000e+01,-1.741368393264164927e-01
3.577083333333332860e+01,3.937027348482879385e-01
3.579166666666666430e+01,5.635262011138429949e-01
3.581250000000000000e+01,-3.935434840613244445e-02
3.583333333333332860e+01,2.850907783293671338e-01
3.585416666666666430e+01,7.474760975450539524e-02
3.587500000000000000e+01,4.099483699519040347e-01
3.589583333333332860e+01,-1.263578136280869846e-01
3.591666666666666430e+01,5.141069586676959569e-01
3.593750000000000000e+01,2.239775824233413704e-01
3.595833333333332860e+01,7.496444344398150994e-01
3.597916666666666430e+01,2.294201650010679328e-01
3.600000000000000000e+01,-7.159930991256290012e-02
3.602083333333332860e+01,-6.258722624496308728e-02
3.604166666666666430e+01,-3.101427951664412763e-01
3.606250000000000000e+01,1.139442354358155031e-02
3.608333333333332860e+01,2.757248661164167780e-01
3.610416666666666430e+01,5.025507379955651555e-01
3.612500000000000000e+01,1.728390096956588795e-01
3.614583333333332860e+01,-1.281850529717340204e-01
3.616666666666666430e+01,-2.650322961892686013e-01
3.618750000000000000e+01,6.848597279511801916e-02
3.620833333333332860e+01,4.028131125181542982e-03
3.622916666666666430e+01,-2.334027795697039553e-01
3.625000000000000000e+01,9.944251631846903750e-02
3.627083333333332860e+01,3.327134162801217987e-01
3.629166666666666430e+01,5.883278502751693173e-01
3.631250000000000000e+01,3.257020601778470303e-01
3.633333333333332860e+01,3.505403301190006538e-01
3.635416666666666430e+01,3.449721486141349991e-01
3.637500000000000000e+01,3.514246463338130955e-01
3.639583333333332860e+01,3.566520686796436634e-01
3.641666666666666430e+01,3.580335374637109158e-01
3.643750000000000000e+01,3.507097505153616845e-01
3.645833333333332860e+01,3.515202016927841400e-01
3.647916666666666430e+01,3.504217542329895463e-01
3.650000000000000000e+01,3.674940028586842211e-01
3.652083333333332860e+01,3.512773946605928788e-01
3.654166666666666430e+01,3.366028682520080251e-01
3.656250000000000000e+01,3.218911399615168034e-01
3.658333333333332860e+01,2.995760779866963874e-01
3.660416666666666430e+01,2.856007431395305995e-01
3.662500000000000000e+01,2.805893358277096183e-01
3.664583333333332860e+01,2.748540612366587310e-01
3.666666666666666430e+01,2.596537918779079912e-01
3.668750000000000000e+01,2.481393227322221395e-01
3.670833333333332860e+01,2.292882341783999967e-01
3.672916666666666430e+01,1.977793213452813670e-01
3.675000000000000000e+01,1.975310863113280968e-01
3.677083333333332860e+01,1.718626438122028421e-01
3.679166666666666430e+01,1.612525527438988526e-01
3.681250000000000000e+01,1.437511638093311450e-01
3.683333333333332860e+01,1.343347820197472731e-01
3.685416666666666430e+01,9.847495305019010603e-02
3.687500000000000000e+01,-5.667411813956698685e-01
3.689583333333332860e+01,-4.003289245793486550e-01
3.691666666666666430e+01,-4.067619687151982633e-01
3.693750000000000000e+01,-4.100030455205894708e-01
3.695833333333332860e+01,-4.270219559310665658e-01
3.697916666666666430e+01,-4.280298677030413002e-01
3.700000000000000000e+01,-4.506630829949966333e-01
3.702083333333332860e+01,2.687737223345137896e-03
3.704166666666666430e+01,1.509519724599278981e-02
3.706250000000000000e+01,-3.891214099900442980e-01
3.708333333333332860e+01,-2.023837523313143372e-02
3.710416666666666430e+01,3.228310605882198786e-02
3.712500000000000000e+01,1.469663304377065993e-01
3.714583333333332860e+01,-2.421446042592382830e-01
3.716666666666666430e+01,-6.620149546795447426e-01
3.718750000000000000e+01,-8.029444443369271323e-01
3.720833333333332860e+01,-5.239467871618295192e-01
3.722916666666666430e+01,-2.284974023988032010e-01
3.725000000000000000e+01,4.285455513463827526e-02
3.727083333333332860e+01,3.845471036886170535e-01
3.729166666666666430e+01,1.518900151347508665e-01
3.731250000000000000e+01,1.838600016643593682e-01
3.733333333333332860e+01,4.110275848160181988e-01
3.735416666666666430e+01,8.322062777606663575e-01
3.737500000000000000e+01,2.635379360663269166e-01
3.739583333333332860e+01,9.358303523687727665e-02
3.741666666666666430e+01,3.905979296018654567e-01
3.743750000000000000e+01,4.734893349991475819e-01
3.745833333333332860e+01,6.172440957442121290e-01
3.747916666666666430e+01,3.426136789729399279e-01
3.750000000000000000e+01,-1.378258348942768552e-01
3.752083333333332860e+01,-2.052071395850929569e-01
3.754166666666666430e+01,-1.507993022789587238e-02
3.756250000000000000e+01,-2.159015936424855953e-01
3.758333333333332860e+01,3.543148006507448183e-02
3.760416666666666430e+01,-5.027186136766171876e-01
3.762500000000000000e+01,-5.632692556050236110e-01
3.764583333333332860e+01,-7.141641444611590561e-01
3.766666666666666430e+01,-3.272642160860228522e-01
3.768750000000000000e+01,-4.408746668184114759e-01
3.770833333333332860e+01,-3.855987616492171921e-01
3.772916666666666430e+01,4.500126596248937849e-02
3.775000000000000000e+01,1.492362461720347921e-01
3.777083333333332860e+01,-4.650603715708646196e-02
3.779166666666666430e+01,1.903674765279718128e-01
3.781250000000000000e+01,-1.423833881268254109e-01
3.783333333333332860e+01,1.816315101121386277e-01
3.785416666666666430e+01,-2.252363300488697262e-01
3.787500000000000000e+01,2.599941214900685083e-01
3.789583333333332860e+01,5.913654629732820536e-03
3.791666666666666430e+01,-3.541277169242028067e-01
3.793750000000000000e+01,4.124675313842716268e-02
3.795833333333332860e+01,-7.551445787750815652e-02
3.797916666666666430e+01,7.887675853439043983e-02
3.800000000000000000e+01,-2.012478835938327215e-01
3.802083333333332860e+01,1.276362075731559687e-01
3.804166666666666430e+01,-4.841443365936932142e-01
3.806250000000000000e+01,1.280652617096939561e-01
3.808333333333332860e+01,1.858561708051300609e-01
3.810416666666666430e+01,-2.854347069450572927e-01
3.812500000000000000e+01,1.568211192169068346e-01
3.814583333333332860e+01,6.465203015704142943e-04
3.816666666666666430e+01,5.354556002319351693e-01
3.818750000000000000e+01,3.188884069732908499e-01
3.820833333333332860e+01,2.503141067626828142e-02
3.822916666666666430e+01,-1.710488948983132085e-01
3.825000000000000000e+01,2.224745796663948894e-01
3.827083333333332860e+01,2.341667246847628503e-02
3.829166666666666430e+01,-3.970457569503206274e-01
3.831250000000000000e+01,-5.287959542710627403e-01
3.833333333333332860e+01,-6.258578699204856433e-01
3.835416666666666430e+01,-4.658968535294502611e-01
3.837500000000000000e+01,-3.147021243516680555e-01
3.839583333333332860e+01,-1.899168450681210651e-01
3.841666666666666430e+01,2.174474372059034544e-01
3.843750000000000000e+01,-1.713484771329094325e-01
3.845833333333332860e+01,1.882122656321346954e-01
3.847916666666666430e+01,-2.033383983965179054e-01
3.850000000000000000e+01,1.489279490460380106e-01
3.852083333333332860e+01,-2.638614836555715493e-01
3.854166666666666430e+01,8.616053946563936861e-02
3.856250000000000000e+01,1.045264104590516111e-03
3.858333333333332860e+01,-3.453681762132184141e-01
3.860416666666666430e+01,1.658947553927402341e-01
3.862500000000000000e+01,1.398048854576143252e-01
3.864583333333332860e+01,-1.135820842966279026e-01
3.866666666666666430e+01,-5.668612629927769486e-01
3.868750000000000000e+01,-5.091588778378856872e-02
3.870833333333332860e+01,-1.841966037002933931e-01
3.872916666666666430e+01,-3.019134815435758346e-01
3.875000000000000000e+01,1.684785535465124773e-01
3.877083333333332860e+01,-1.076047655346514947e-01
3.879166666666666430e+01,3.491530739845110642e-01
3.881250000000000000e+01,6.368223432827947450e-01
3.883333333333332860e+01,2.852891604492040489e-01
3.885416666666666430e+01,-1.789479989262739157e-02
3.887500000000000000e+01,4.210110174101274749e-01
3.889583333333332860e+01,6.465658172007437976e-01
3.891666666666666430e+01,6.059599719113623051e-01
3.893750000000000000e+01,2.285034725497258612e-01
3.895833333333332860e+01,-1.022650145055611220e-01
3.897916666666666430e+01,-1.907741648965161352e-01
3.900000000000000000e+01,2.889778106806919489e-01
3.902083333333332860e+01,-8.445224933700515302e-02
3.904166666666666430e+01,-3.821984166803042426e-01
3.906250000000000000e+01,-6.105797177782271712e-01
3.908333333333332860e+01,-2.546888271368727419e-01
3.910416666666666430e+01,-2.305312889845098981e-02
3.912500000000000000e+01,-3.819496304596883274e-01
3.914583333333332860e+01,9.777313811144502931e-02
3.916666666666666430e+01,-1.556270893797780386e-01
3.918750000000000000e+01,1.846446226715110772e-01
3.920833333333332860e+01,5.558202363564247461e-01
3.922916666666666430e+01,1.137256572801786242e-01
3.925000000000000000e+01,2.409988030824020688e-01
3.927083333333332860e+01,-8.424167333086116094e-02
3.929166666666666430e+01,-4.520208064613142063e-01
3.931250000000000000e+01,-1.057030979246707629e-02
3.933333333333332860e+01,7.272485040041298809e-02
3.935416666666666430e+01,4.812690421325330759e-01
3.937500000000000000e+01,9.007400686277416968e-01
3.939583333333332860e+01,2.804253251913784717e-01
3.941666666666666430e+01,5.730309724423463535e-01
3.943750000000000000e+01,4.213929876638809052e-02
3.945833333333332860e+01,6.532985856342957698e-01
3.947916666666666430e+01,1.503820878132640371e-01
3.950000000000000000e+01,-2.994577024718081404e-01
3.952083333333332860e+01,-3.589604933391918884e-01
3.954166666666666430e+01,1.408526882172730366e-01
3.956250000000000000e+01,-2.615063642025422519e-01
3.958333333333332860e+01,4.502396064409063675e-02
3.960416666666666430e+01,6.472513418275015473e-01
3.962500000000000000e+01,1.834658258456109692e-01
3.964583333333332860e+01,5.233167192062503359e-01
3.966666666666666430e+01,8.823901981847636078e-01
3.968750000000000000e+01,8.919738585520304852e-01
3.970833333333332860e+01,3.272098531721626680e-01
3.972916666666666430e+01,8.390502081667453593e-01
3.975000000000000000e+01,9.598377265167473693e-01
3.977083333333332860e+01,5.530560669738058266e-01
3.979166666666666430e+01,6.489422370931400286e-01
3.981250000000000000e+01,8.567896016722472696e-01
3.983333333333332860e+01,8.404846493841323651e-01
3.985416666666666430e+01,2.567476894970536772e-01
3.987500000000000000e+01,7.686606535220174008e-01
3.989583333333332860e+01,4.391974698022951262e-01
3.991666666666666430e+01,6.389179164523669519e-01
3.993750000000000000e+01,1.273878510895940286e+00
3.995833333333332860e+01,8.752746973144616138e-01
3.997916666666666430e+01,7.045841038830746861e-01
4.000000000000000000e+01,7.326477653642672339e-01
4.002083333333332860e+01,6.311455571567049505e-01
4.004166666666666430e+01,8.577034098058697875e-01
4.006250000000000000e+01,9.134535975790860629e-01
4.008333333333332860e+01,8.460865109530756323e-01
4.010416666666666430e+01,1.048076356809486631e+00
4.012500000000000000e+01,5.617226620421217342e-01
4.014583333333332860e+01,5.994148637869117779e-01
4.016666666666666430e+01,4.124260500449536404e-01
4.018750000000000000e+01,3.247215761781148680e-01
4.020833333333332860e+01,-8.456967323079922494e-02
4.022916666666666430e+01,5.749127112739795820e-01
4.025000000000000000e+01,1.445424594368137916e-01
4.027083333333332860e+01,-1.211928525464720935e-01
4.029166666666666430e+01,1.673842995716257331e-01
4.031250000000000000e+01,3.069565761845826080e-01
4.033333333333332860e+01,1.092109748035232197e+00
4.035416666666666430e+01,6.832542754849363353e-01
4.037500000000000000e+01,4.777689098095619369e-01
4.039583333333332860e+01,6.852401580161264771e-01
4.041666666666666430e+01,4.638360605233145528e-01
4.043750000000000000e+01,2.510426362293964875e-01
4.045833333333332860e+01,-1.613893287628083706e-01
4.047916666666666430e+01,-3.945774351851473738e-01
4.050000000000000000e+01,-6.148384763897618566e-01
4.052083333333332860e+01,-2.206360070408304175e-01
4.054166666666666430e+01,-3.938765901815188819e-01
4.056250000000000000e+01,-1.167492439745417276e-01
4.058333333333332860e+01,-5.894785646214190100e-01
4.060416666666666430e+01,-8.750237726887759582e-01
4.062500000000000000e+01,-8.064746454809739173e-01
4.064583333333332860e+01,-4.425954273278420725e-01
4.066666666666666430e+01,-4.757079190881149389e-01
4.068750000000000000e+01,-6.558939306736409902e-01
4.070833333333332860e+01,-3.242170898121113365e-01
4.072916666666666430e+01,-6.865601707286437261e-01
4.075000000000000000e+01,-3.893805826307842888e-01
4.077083333333332860e+01,-2.891101815066269842e-01
4.079166666666666430e+01,1.908971947757829440e-02
4.081250000000000000e+01,-9.488841259159287722e-02
4.083333333333332860e+01,-9.277843716992968670e-02
4.085416666666666430e+01,-1.167696787602515579e-01
4.087500000000000000e+01,-1.077515833568026687e-01
4.089583333333332860e+01,-9.089265207488804454e-02
4.091666666666666430e+01,-1.152192290909687250e-01
4.093750000000000000e+01,-1.025437727010331812e-01
4.095833333333332860e+01,-1.184331074305431802e-01
