0.000000000000000000e+00,-9.187243076503343042e-03
2.083333333333333218e-02,-3.630768821282841230e-02
4.166666666666666435e-02,-8.361557871896237171e-02
6.250000000000000000e-02,-1.478339024396405077e-01
8.333333333333332871e-02,-2.280870818572426628e-01
1.041666666666666574e-01,-3.259123100842671317e-01
1.250000000000000000e-01,-4.433196032417967003e-01
1.458333333333333148e-01,-5.789475678373149359e-01
1.666666666666666574e-01,-7.083057834066153191e-01
1.875000000000000000e-01,-8.164422432297899768e-01
2.083333333333333148e-01,-9.070233863808024877e-01
2.291666666666666574e-01,-9.878289634849654055e-01
2.500000000000000000e-01,-1.066079733715500577e+00
2.708333333333333148e-01,-1.144170660295668052e+00
2.916666666666666297e-01,-1.222110585506411828e+00
3.125000000000000000e-01,-1.299895953045091312e+00
3.333333333333333148e-01,-1.377512871848398657e+00
3.541666666666666297e-01,-1.454939304357849128e+00
3.750000000000000000e-01,-1.532147336435173646e+00
3.958333333333333148e-01,-1.609105475012127640e+00
4.166666666666666297e-01,-1.685780912488352490e+00
4.375000000000000000e-01,-1.762141694762817679e+00
4.583333333333333148e-01,-1.838158732843309773e+00
4.791666666666666297e-01,-1.913807605804560330e+00
5.000000000000000000e-01,-1.989070114462509586e+00
5.208333333333332593e-01,-2.063935559103523332e+00
5.416666666666666297e-01,-2.138401729383698324e+00
5.625000000000000000e-01,-2.212475608583226006e+00
5.833333333333332593e-01,-2.286173806501178962e+00
6.041666666666666297e-01,-2.359522744516169723e+00
6.250000000000000000e-01,-2.432558622243154112e+00
6.458333333333332593e-01,-2.505327197701949782e+00
6.666666666666666297e-01,-2.577883412209272418e+00
6.875000000000000000e-01,-2.650290887757860592e+00
7.083333333333332593e-01,-2.722621319010857022e+00
7.291666666666666297e-01,-2.794953774802425794e+00
7.500000000000000000e-01,-2.867373915753521629e+00
7.708333333333332593e-01,-2.939973125788393649e+00
7.916666666666666297e-01,-3.012847546429429979e+00
8.125000000000000000e-01,-3.086096994197901733e+00
8.333333333333332593e-01,3.123361573440583072e+00
8.541666666666666297e-01,3.049054234166615363e+00
8.750000000000000000e-01,3.070208737467952087e+00
8.958333333333332593e-01,3.137052940850548310e+00
9.166666666666666297e-01,-2.989642671136994334e+00
9.375000000000000000e-01,-3.056675276817236941e+00
9.583333333333332593e-01,-2.976401383888818586e+00
9.791666666666666297e-01,-2.929427252013965699e+00
1.000000000000000000e+00,-2.916826123144597993e+00
1.020833333333333259e+00,-2.943605188262611083e+00
1.041666666666666519e+00,-3.011470106294416915e+00
1.062500000000000000e+00,-3.117629687728311616e+00
1.083333333333333259e+00,-3.128110666130331730e+00
1.104166666666666519e+00,-3.132707297108780153e+00
1.125000000000000000e+00,-3.135794971156786737e+00
1.145833333333333259e+00,-3.137805080744694664e+00
1.166666666666666519e+00,-3.139101786578686326e+00
1.187500000000000000e+00,-3.139959201969099389e+00
1.208333333333333259e+00,-3.140509528732473132e+00
1.229166666666666519e+00,-3.140864481719500834e+00
1.250000000000000000e+00,-3.141098502315671226e+00
1.270833333333333259e+00,-3.141252775198412284e+00
1.291666666666666519e+00,-3.141354472420586408e+00
1.312500000000000000e+00,-3.141421511055871196e+00
1.333333333333333259e+00,-3.141465702870456678e+00
1.354166666666666519e+00,-3.141502636564991402e+00
1.375000000000000000e+00,-3.141531189658680390e+00
1.395833333333333259e+00,-3.141550246928503043e+00
1.416666666666666519e+00,-3.141564759801769746e+00
1.437500000000000000e+00,3.141591603742416972e+00
1.458333333333333259e+00,3.141565608542360888e+00
1.479166666666666519e+00,3.141581116710499444e+00
1.500000000000000000e+00,3.141591891894017330e+00
1.520833333333333259e+00,3.141582554988219034e+00
1.541666666666666519e+00,3.141591771428415392e+00
1.562500000000000000e+00,3.141589001036191320e+00
1.583333333333333259e+00,3.141586057821645017e+00
1.604166666666666519e+00,3.141591079118866592e+00
1.625000000000000000e+00,3.141586097546968936e+00
1.645833333333333259e+00,3.141591087956763673e+00
1.666666666666666519e+00,3.141586103374982120e+00
1.687500000000000000e+00,3.141591089271143389e+00
1.708333333333333259e+00,3.141586104261571144e+00
1.729166666666666519e+00,3.141591089490034072e+00
1.750000000000000000e+00,3.141586104433593540e+00
1.770833333333333259e+00,3.141591028796296481e+00
1.791666666666666519e+00,3.141586064467877915e+00
1.812500000000000000e+00,3.141591080669473790e+00
1.833333333333333259e+00,3.141586098686158124e+00
1.854166666666666519e+00,3.141591088322826408e+00
1.875000000000000000e+00,3.141586103762236348e+00
1.895833333333333259e+00,3.141588215292345332e+00
1.916666666666666519e+00,3.141588383347329927e+00
1.937500000000000000e+00,3.141588493943181515e+00
1.958333333333333259e+00,3.141588566688109818e+00
1.979166666666666519e+00,3.141588614500369303e+00
2.000000000000000000e+00,3.141588645889308751e+00
2.020833333333333037e+00,3.141588666460098267e+00
2.041666666666666519e+00,3.141588679904901316e+00
2.062500000000000000e+00,3.141588688655773787e+00
2.083333333333333037e+00,3.141588694314723984e+00
2.104166666666666519e+00,3.141588697937008678e+00
2.125000000000000000e+00,3.141588700217729180e+00
2.145833333333333037e+00,3.141588701614755230e+00
2.166666666666666519e+00,3.141588702429687352e+00
2.187500000000000000e+00,3.141588702861191518e+00
2.208333333333333037e+00,3.141588703040130603e+00
2.229166666666666519e+00,3.141588703052704545e+00
2.250000000000000000e+00,3.141588702955693702e+00
2.270833333333333037e+00,3.141588702786499265e+00
2.291666666666666519e+00,3.141588702569757530e+00
2.312500000000000000e+00,3.141588702321697735e+00
2.333333333333333037e+00,3.141588702053008220e+00
2.354166666666666519e+00,3.141588701770730907e+00
2.375000000000000000e+00,3.141588701479503865e+00
2.395833333333333037e+00,3.141588701182382426e+00
2.416666666666666519e+00,3.141588700881379204e+00
2.437500000000000000e+00,3.141588700577818916e+00
2.458333333333333037e+00,3.141588700272575529e+00
2.479166666666666519e+00,3.141588699966224141e+00
2.500000000000000000e+00,3.141588699659143114e+00
2.520833333333333037e+00,3.141588699351582470e+00
2.541666666666666519e+00,3.141588699043706079e+00
2.562500000000000000e+00,3.141588698735622742e+00
2.583333333333333037e+00,3.141588698427403958e+00
2.604166666666666519e+00,3.141588698119096357e+00
2.625000000000000000e+00,3.141588697810730579e+00
2.645833333333333037e+00,3.141588697502327499e+00
2.666666666666666519e+00,3.141588697193900437e+00
2.687500000000000000e+00,3.141588696885458276e+00
2.708333333333333037e+00,3.141588696577006345e+00
2.729166666666666519e+00,3.141588696268549086e+00
2.750000000000000000e+00,3.141588695960089161e+00
2.770833333333333037e+00,3.141588695651627461e+00
2.791666666666666519e+00,3.141588695343165760e+00
2.812500000000000000e+00,3.141588695034704948e+00
2.833333333333333037e+00,3.141588694726244135e+00
2.854166666666666519e+00,3.141588694417785543e+00
2.875000000000000000e+00,3.141588694109327839e+00
2.895833333333333037e+00,3.141588693800872356e+00
2.916666666666666519e+00,3.141588693492417761e+00
2.937500000000000000e+00,3.141588693183965386e+00
2.958333333333333037e+00,3.141588692875514788e+00
2.979166666666666519e+00,3.141588692567065966e+00
