0.000000000000000000e+00,-4.248889449104194527e-01
2.083333333333333218e-02,-1.131133083147283225e+00
4.166666666666666435e-02,-2.059067375975458081e+00
6.250000000000000000e-02,-1.714554607199343605e+00
8.333333333333332871e-02,-4.495419201758350525e-01
1.041666666666666574e-01,1.866787755555272266e-01
1.250000000000000000e-01,1.482843039427579612e-01
1.458333333333333148e-01,3.911624399027199828e-01
1.666666666666666574e-01,9.239883265397189627e-01
1.875000000000000000e-01,1.739165495546680873e+00
2.083333333333333148e-01,2.049492582630096926e+00
2.291666666666666574e-01,1.938108894006455474e+00
2.500000000000000000e-01,1.926922862983967200e+00
2.708333333333333148e-01,1.915674129319133723e+00
2.916666666666666297e-01,1.904387677888543573e+00
3.125000000000000000e-01,1.893088527316298286e+00
3.333333333333333148e-01,1.881801527414872277e+00
3.541666666666666297e-01,1.870551167415270388e+00
3.750000000000000000e-01,1.859361395954799878e+00
3.958333333333333148e-01,1.848255453633117273e+00
4.166666666666666297e-01,1.837255718793645354e+00
4.375000000000000000e-01,1.826383567038980082e+00
4.583333333333333148e-01,1.815659244846438369e+00
4.791666666666666297e-01,1.805101757514219862e+00
5.000000000000000000e-01,1.794728771540390122e+00
5.208333333333332593e-01,1.784556531416584768e+00
5.416666666666666297e-01,1.774599790706390401e+00
5.625000000000000000e-01,1.764871757175088707e+00
5.833333333333332593e-01,1.755384051643037235e+00
6.041666666666666297e-01,1.746146680149563535e+00
6.250000000000000000e-01,1.737168018937832903e+00
6.458333333333332593e-01,1.728454811703715732e+00
6.666666666666666297e-01,1.720012178493070643e+00
6.875000000000000000e-01,1.711843635581898670e+00
7.083333333333332593e-01,1.703951125632273689e+00
7.291666666666666297e-01,1.696335057383514977e+00
7.500000000000000000e-01,1.688994354112395735e+00
7.708333333333332593e-01,1.681926510077937698e+00
7.916666666666666297e-01,1.675127654155076140e+00
8.125000000000000000e-01,1.668592619856827497e+00
8.333333333333332593e-01,1.662315020946045552e+00
8.541666666666666297e-01,1.656287331845018640e+00
8.750000000000000000e-01,-5.134801018411150331e+00
8.958333333333332593e-01,9.178171083177881329e+00
9.166666666666666297e-01,5.996055854377207339e+00
9.375000000000000000e-01,-4.201318609951911753e-01
9.583333333333332593e-01,-6.943067058791579926e-01
9.791666666666666297e-01,-8.374985255968177000e-01
1.000000000000000000e+00,-9.432697947189787602e-01
1.020833333333333259e+00,-9.926243936267091783e-01
1.041666666666666519e+00,-1.044519739170290951e+00
1.062500000000000000e+00,-1.088941552671383484e+00
1.083333333333333259e+00,1.535820547735176553e-02
1.104166666666666519e+00,8.701737758066444006e-03
1.125000000000000000e+00,2.247911631422282955e-03
1.145833333333333259e+00,-2.524971003717029925e-04
1.166666666666666519e+00,-4.422047496461944277e-04
1.187500000000000000e+00,-3.525194697613942031e-04
1.208333333333333259e+00,-6.860138405315020045e-04
1.229166666666666519e+00,-5.720231555617539708e-04
1.250000000000000000e+00,-5.191423058629221184e-04
1.270833333333333259e+00,-4.951886202339427943e-04
1.291666666666666519e+00,-4.845847196594776072e-04
1.312500000000000000e+00,-4.799582100668030923e-04
1.333333333333333259e+00,-4.779556891190441231e-04
1.354166666666666519e+00,4.371473528770517914e-07
1.375000000000000000e+00,5.091185575072605056e-07
1.395833333333333259e+00,-4.157710603102568708e-05
1.416666666666666519e+00,2.161447731292392340e-05
1.437500000000000000e+00,-3.727724508693300992e-07
1.458333333333333259e+00,1.290112356194539518e-03
1.479166666666666519e+00,-4.254556912328639009e-04
1.500000000000000000e+00,-2.808610578408749186e-04
1.520833333333333259e+00,2.494753972269669559e-04
1.541666666666666519e+00,-2.808678926708211253e-04
1.562500000000000000e+00,-2.112653829154466421e-04
1.583333333333333259e+00,2.471351633745810599e-04
1.604166666666666519e+00,-2.808500698412068970e-04
1.625000000000000000e+00,2.471216335589343678e-04
1.645833333333333259e+00,-2.808503188556249778e-04
1.666666666666666519e+00,2.471228354575004458e-04
1.687500000000000000e+00,-2.808506655423486319e-04
1.708333333333333259e+00,2.471236248925985754e-04
1.729166666666666519e+00,-2.808510562715678480e-04
1.750000000000000000e+00,2.471242366025130140e-04
1.770833333333333259e+00,-2.808514771070920999e-04
1.791666666666666519e+00,2.471246310730840765e-04
1.812500000000000000e+00,-2.808519017488162817e-04
1.833333333333333259e+00,2.471252316975725352e-04
1.854166666666666519e+00,-2.808523207452219951e-04
1.875000000000000000e+00,2.471257494438847211e-04
1.895833333333333259e+00,-2.871257625286074760e-04
1.916666666666666519e+00,-2.871206926551532067e-04
1.937500000000000000e+00,-2.871154676892542995e-04
1.958333333333333259e+00,-2.871104550215299294e-04
1.979166666666666519e+00,-2.871055857232371745e-04
2.000000000000000000e+00,-2.871008123835667612e-04
2.020833333333333037e+00,-2.870961029266175094e-04
2.041666666666666519e+00,-2.870914358223967868e-04
2.062500000000000000e+00,-2.870867967151123222e-04
2.083333333333333037e+00,-2.870821760609738784e-04
2.104166666666666519e+00,-2.870775675834556068e-04
2.125000000000000000e+00,-2.870729671027918701e-04
2.145833333333333037e+00,-2.870683718513411379e-04
2.166666666666666519e+00,-2.870637800374748784e-04
2.187500000000000000e+00,-2.870591904171537149e-04
2.208333333333333037e+00,-2.870546022569964639e-04
2.229166666666666519e+00,-2.870500149892957317e-04
2.250000000000000000e+00,-2.870454282812705694e-04
2.270833333333333037e+00,-2.870408419350249153e-04
2.291666666666666519e+00,-2.870362557574251744e-04
2.312500000000000000e+00,-2.870316696827385000e-04
2.333333333333333037e+00,-2.870270836307246072e-04
2.354166666666666519e+00,-2.870224975565754803e-04
2.375000000000000000e+00,-2.870179114476601638e-04
2.395833333333333037e+00,-2.870133252716009658e-04
2.416666666666666519e+00,-2.870087390336615793e-04
2.437500000000000000e+00,-2.870041526955874485e-04
2.458333333333333037e+00,-2.869995662827783947e-04
2.479166666666666519e+00,-2.869949797526283623e-04
2.500000000000000000e+00,-2.869903931401349096e-04
2.520833333333333037e+00,-2.869858064508982662e-04
2.541666666666666519e+00,-2.869812196392423497e-04
2.562500000000000000e+00,-2.869766327475776254e-04
2.583333333333333037e+00,-2.869720457648104284e-04
2.604166666666666519e+00,-2.869674586721309892e-04
2.625000000000000000e+00,-2.869628714797555283e-04
2.645833333333333037e+00,-2.869582841875169157e-04
2.666666666666666519e+00,-2.869536967974412002e-04
2.687500000000000000e+00,-2.869491093235756844e-04
2.708333333333333037e+00,-2.869445217338854469e-04
2.729166666666666519e+00,-2.869399340504865856e-04
2.750000000000000000e+00,-2.869353462751515001e-04
2.770833333333333037e+00,-2.869307583962294622e-04
2.791666666666666519e+00,-2.869261704154941724e-04
2.812500000000000000e+00,-2.869215823446173382e-04
2.833333333333333037e+00,-2.869169941680017356e-04
2.854166666666666519e+00,-2.869124058991096861e-04
2.875000000000000000e+00,-2.869078175382429232e-04
2.895833333333333037e+00,-2.869032290687443068e-04
2.916666666666666519e+00,-2.868986404985533409e-04
2.937500000000000000e+00,-2.868940518316421629e-04
2.958333333333333037e+00,-2.868894630694008826e-04
2.979166666666666519e+00,-2.868848742098902959e-04
